Rk,Player,Tm,Age,Pos,G,GS,Int,Tgt,Cmp,Cmp%,Yds,Yds/Cmp,Yds/Tgt,TD,Rat,DADOT,Air,YAC,Bltz,Hrry,QBKD,Sk,Prss,Comb,MTkl,MTkl%
1,Zach Cunningham\CunnZa00,HOU,26,LILB,16,16,0,43,37,86.0%,452,12.2,10.5,2,126.0,4.4,112,340,35,3,1,3.0,7,164,17,9.4%
2,Roquan Smith\SmitRo07,CHI,23,LILB,16,16,2,79,50,63.3%,290,5.8,3.7,0,59.6,2.3,66,224,33,4,3,4.0,11,139,10,6.7%
3,Devin White\WhitDe02,TAM,22,LILB,15,15,0,84,70,83.3%,626,8.9,7.5,3,109.6,4.6,311,315,91,3,8,9.0,20,140,15,9.7%
4,Neville Hewitt\HewiNe00,NYJ,27,RILB,16,16,0,78,55,70.5%,530,9.6,6.8,1,93.4,5.5,261,269,82,1,2,2.0,6,134,16,10.7%
5,Jordan Poyer\PoyeJo00,BUF,29,SS,16,16,2,48,35,72.9%,273,7.8,5.7,3,90.0,5.6,169,104,55,1,2,2.0,5,124,11,8.1%
6,Budda Baker *+\BakeBu00,ARI,24,SS,15,15,2,42,30,71.4%,339,11.3,8.1,5,115.0,7.8,190,149,70,5,1,2.0,8,118,13,9.9%
7,Jaylon Smith\SmitJa05,DAL,25,RLB,16,16,1,59,42,71.2%,438,10.4,7.4,3,102.2,3.9,145,293,45,1,3,1.5,6,154,9,5.5%
8,Malcolm Butler\ButlMa01,TEN,30,RCB,16,16,4,127,80,63.0%,873,10.9,6.9,5,83.2,9.9,647,226,3,0,0,0.0,0,100,10,9.1%
9,Darius Leonard*+\LeonDa00,IND,25,LLB,14,14,0,70,57,81.4%,474,8.3,6.8,3,109.2,4.0,165,309,45,3,0,3.0,8,132,7,5.0%
10,Blake Martinez\MartBl01,NYG,26,LILB,16,16,1,75,59,78.7%,516,8.7,6.9,0,89.8,4.0,264,252,43,1,3,3.0,7,151,10,6.2%
11,Joe Schobert\SchoJo00,JAX,27,MLB,16,16,3,66,49,74.2%,550,11.2,8.3,6,110.0,5.7,201,349,59,2,3,2.5,9,141,14,9.0%
12,Lavonte David\DaviLa00,TAM,30,RILB,16,16,1,92,69,75.0%,417,6.0,4.5,4,93.4,3.1,172,245,65,0,1,1.5,3,117,10,7.9%
13,Bobby Wagner*+\WagnBo00,SEA,30,RILB,16,16,0,81,52,64.2%,488,9.4,6.0,2,88.9,6.8,234,254,100,1,8,3.0,12,138,10,6.8%
14,Kevin Byard\ByarKe01,TEN,27,FS,16,16,1,45,33,73.3%,314,9.5,7.0,4,112.6,8.6,186,128,29,1,1,0.0,2,111,8,6.7%
15,Fred Warner*+\WarnFr00,SFO,24,MLB,16,16,2,61,38,62.3%,270,7.1,4.4,2,69.7,4.2,80,190,76,9,6,1.0,16,125,7,5.3%
16,Jessie Bates III\BateJe00,CIN,23,FS,16,16,3,46,25,54.3%,317,12.7,6.9,3,70.7,10.3,217,100,6,0,1,0.0,1,109,16,12.8%
17,Jordan Hicks\HickJo00,ARI,28,RILB,16,16,1,62,44,71.0%,460,10.5,7.4,0,85.4,5.3,211,249,89,4,1,0.0,5,118,11,8.5%
18,Foyesade Oluokun\OluoFo00,ATL,25,MLB,15,14,2,66,49,74.2%,418,8.5,6.3,2,87.8,5.0,161,257,82,3,6,3.0,13,117,14,10.7%
19,Tremaine Edmunds*\EdmuTr01,BUF,22,MLB,15,15,0,64,43,67.2%,543,12.6,8.5,4,114.3,5.6,261,282,72,0,1,2.0,3,119,12,9.2%
20,Justin Simmons *\SimmJu00,DEN,27,FS,16,16,5,54,42,77.8%,447,10.6,8.3,7,102.2,8.6,288,159,9,3,0,0.0,3,96,12,11.1%
21,Tyrell Adams\AdamTy00,HOU,28,RILB,16,12,0,61,48,78.7%,461,9.6,7.6,4,120.0,4.1,184,277,44,1,1,2.0,4,125,12,8.8%
22,Keanu Neal\NealKe01,ATL,25,FS,15,14,1,66,49,74.2%,564,11.5,8.5,1,98.3,6.3,294,270,27,3,2,1.0,6,100,11,9.9%
23,Adrian Phillips\PhilAd00,NWE,28,SS,16,16,2,44,34,77.3%,331,9.7,7.5,1,86.5,4.1,133,198,42,2,0,1.0,3,109,6,5.2%
24,Alex Singleton\SingAl00,PHI,27,LLB,16,11,1,40,30,75.0%,227,7.6,5.7,3,102.8,4.5,97,130,36,1,5,2.0,8,120,13,9.8%
25,Demario Davis\DaviDe00,NOR,31,MLB,16,16,0,54,38,70.4%,271,7.1,5.0,4,106.3,2.4,28,243,90,4,8,4.0,16,119,9,7.0%
26,John Johnson\JohnJo10,LAR,25,FS,16,16,1,68,47,69.1%,300,6.4,4.4,0,71.9,5.6,144,156,6,1,0,0.0,1,105,9,7.9%
27,Deion Jones\JoneDe01,ATL,26,LLB,16,16,2,54,40,74.1%,371,9.3,6.9,6,114.0,4.8,85,286,61,5,6,4.5,16,106,11,9.4%
28,Avery Williamson\WillAv00,2TM,28,,15,10,1,54,47,87.0%,452,9.6,8.4,2,106.2,3.8,174,278,41,0,1,1.0,2,111,6,5.1%
29,Myles Jack\JackMy00,JAX,25,LLB,14,14,1,56,43,76.8%,337,7.8,6.0,2,95.6,2.6,47,290,43,1,1,1.0,3,118,8,6.3%
30,Alexander Johnson\JohnAl01,DEN,29,LILB,16,16,0,67,48,71.6%,433,9.0,6.5,0,88.7,3.2,111,322,115,4,4,1.0,9,124,7,5.3%
31,Jerome Baker\BakeJe00,MIA,24,RILB,16,11,0,57,40,70.2%,349,8.7,6.1,0,86.1,5.5,162,187,99,4,3,7.0,15,112,10,8.2%
32,Marlon Humphrey *\HumpMa00,BAL,24,LCB,15,15,1,106,65,61.3%,651,10.0,6.1,3,84.3,8.5,387,264,21,1,1,2.5,5,82,11,11.8%
33,Taron Johnson\JohnTa01,BUF,24,RLB,16,11,1,80,54,67.5%,551,10.2,6.9,2,90.2,5.9,305,246,41,6,2,1.0,9,94,14,13.0%
34,De'Vondre Campbell\CampDe00,ARI,27,LILB,16,16,0,56,41,73.2%,393,9.6,7.0,2,104.2,4.4,114,279,43,3,0,2.0,5,99,13,11.6%
35,Malcolm Jenkins\JenkMa99,NOR,33,SS,16,16,3,74,52,70.3%,504,9.7,6.8,3,85.6,6.7,247,257,76,4,3,2.5,10,91,7,7.1%
36,Eric Kendricks\KendEr00,MIN,28,MLB,11,11,3,41,29,70.7%,278,9.6,6.8,0,58.8,6.0,131,147,53,4,1,0.0,5,107,8,7.0%
37,Jeremy Chinn\ChinJe00,CAR,22,RLB,15,15,1,64,47,73.4%,422,9.0,6.6,6,115.5,6.9,212,210,65,2,4,1.0,7,117,15,11.4%
38,Kenny Moore\MoorKe03,IND,25,LCB,16,14,4,101,73,72.3%,846,11.6,8.4,5,97.2,8.0,471,375,31,3,1,2.0,6,80,8,9.1%
39,Kenneth Murray\MurrKe00,LAC,22,RLB,16,16,0,53,44,83.0%,428,9.7,8.1,2,112.9,5.6,238,190,32,0,0,1.0,1,107,8,7.0%
40,Logan Ryan\RyanLo00,NYG,29,FS,16,15,1,53,33,62.3%,329,10.0,6.2,2,84.6,6.5,194,135,23,3,3,1.0,7,94,11,10.5%
41,Daniel Sorensen\SoreDa01,KAN,30,SS,15,11,3,60,46,76.7%,560,12.2,9.3,3,100.7,6.9,252,308,64,1,4,0.0,5,91,14,13.3%
42,Vonn Bell\BellVo00,CIN,26,SS,16,16,0,59,38,64.4%,519,13.7,8.8,5,120.7,9.3,295,224,36,1,4,0.0,5,114,5,4.2%
43,Kareem Jackson\JackKa99,DEN,32,SS,16,16,1,48,31,64.6%,278,9.0,5.8,2,85.2,7.4,122,156,3,0,0,0.0,0,89,11,11.0%
44,Josey Jewell\JeweJo00,DEN,26,RILB,16,16,0,66,48,72.7%,407,8.5,6.2,1,93.4,4.3,164,243,58,2,3,2.0,7,113,4,3.4%
45,Danny Trevathan\TrevDa00,CHI,30,RILB,16,16,0,59,46,78.0%,573,12.5,9.7,2,118.4,6.6,276,297,26,1,1,1.0,3,113,6,5.0%
46,Patrick Queen\QueePa00,BAL,21,LILB,16,16,1,54,41,75.9%,366,8.9,6.8,3,104.4,4.1,134,232,86,3,7,3.0,13,106,21,16.5%
47,Eric Rowe\RoweEr00,MIA,28,FS,16,14,2,85,53,62.4%,641,12.1,7.5,1,79.6,8.1,368,273,27,0,2,0.0,2,91,9,9.0%
48,Adrian Amos\AmosAd00,GNB,27,SS,16,16,2,52,35,67.3%,384,11.0,7.4,2,85.7,9.9,230,154,9,0,1,2.0,3,83,10,10.8%
49,Anthony Walker\WalkAn01,IND,25,MLB,16,16,1,50,38,76.0%,287,7.6,5.7,3,101.0,3.6,129,158,22,2,1,0.0,3,92,6,6.1%
50,Khari Willis\WillKh00,IND,24,SS,14,14,2,39,23,59.0%,191,8.3,4.9,1,58.8,7.5,140,51,26,4,2,2.0,8,85,4,4.5%
51,Tre Herndon\HernTr00,JAX,24,LCB,16,12,0,77,53,68.8%,653,12.3,8.5,4,112.1,10.1,409,244,24,0,1,1.0,2,76,12,13.6%
52,Shaq Thompson\ThomSh01,CAR,26,LLB,16,15,0,76,56,73.7%,417,7.4,5.5,1,90.7,3.8,177,240,55,2,2,0.0,4,114,8,6.6%
53,Tracy Walker\WalkTr01,DET,25,ss,15,7,0,51,34,66.7%,397,11.7,7.8,5,122.8,9.3,223,174,22,1,1,1.0,3,87,12,12.1%
54,Antoine Winfield Jr.\WinfAn00,TAM,22,SS,16,16,1,39,30,76.9%,526,17.5,13.5,6,147.2,13.1,379,147,45,1,1,3.0,6,94,7,6.9%
55,Kamren Curl\CurlKa00,WAS,21,SS,16,11,3,53,39,73.6%,380,9.7,7.2,2,82.3,5.4,183,197,40,1,3,2.0,6,88,16,15.4%
56,Jeff Gladney\GladJe00,MIN,24,RCB,16,15,0,88,62,70.5%,730,11.8,8.3,6,118.1,8.9,469,261,12,2,1,0.0,3,81,20,19.8%
57,Eddie Jackson\JackEd01,CHI,27,FS,16,16,0,46,31,67.4%,413,13.3,9.0,2,110.1,12.6,280,133,14,0,0,0.0,0,82,13,13.7%
58,Nicholas Morrow\MorrNi00,LVR,25,LLB,14,11,1,65,44,67.7%,290,6.6,4.5,3,86.1,2.4,21,269,24,1,3,3.0,8,78,7,8.2%
59,Justin Reid\ReidJu00,HOU,23,SS,13,13,0,39,27,69.2%,312,11.6,8.0,2,110.2,5.9,129,183,36,2,2,2.0,6,83,14,14.4%
60,Kenny Vaccaro\VaccKe00,TEN,29,SS,13,13,0,41,30,73.2%,358,11.9,8.7,2,115.7,7.6,188,170,46,3,0,1.0,4,83,8,8.8%
61,Eric Wilson\WilsEr00,MIN,26,RLB,16,15,3,65,45,69.2%,366,8.1,5.6,2,74.3,4.4,135,231,75,1,5,3.0,10,122,17,12.2%
62,Jonathan Bostic\BostJo00,WAS,29,MLB,16,15,1,61,44,72.1%,410,9.3,6.7,2,94.3,4.8,169,241,61,1,4,3.0,8,118,10,7.8%
63,Tre Boston\BostTr00,CAR,28,FS,16,16,1,55,37,67.3%,347,9.4,6.3,3,95.0,7.6,191,156,22,0,1,1.0,2,95,15,13.6%
64,Dre Greenlaw\GreeDr00,SFO,23,RLB,13,11,0,50,39,78.0%,306,7.8,6.1,0,92.2,1.9,82,224,50,0,1,1.0,2,86,4,4.4%
65,Vernon Hargreaves III\HargVe00,HOU,25,RCB,16,16,1,107,73,68.2%,907,12.4,8.5,6,109.1,9.9,567,340,1,1,0,0.0,1,72,11,13.3%
66,AJ Terrell\TerrAJ00,ATL,22,LCB,14,14,1,106,71,67.0%,936,13.2,8.8,6,109.6,12.2,623,313,3,0,1,0.0,1,74,13,14.9%
67,Johnathan Abram\AbraJo01,LVR,24,SS,13,13,2,33,27,81.8%,394,14.6,11.9,2,111.4,13.8,328,66,47,5,4,0.0,9,86,13,13.1%
68,Minkah Fitzpatrick*+\FitzMi00,PIT,24,FS,16,16,4,26,13,50.0%,224,17.2,8.6,2,65.7,11.2,134,90,3,0,0,0.0,0,79,11,12.2%
69,Jonathan Jones\JoneJo03,NWE,27,db,16,7,2,81,53,65.4%,530,10.0,6.5,4,90.0,8.8,261,269,11,1,1,0.0,2,74,6,7.5%
70,K.J. Wright\WrigK.00,SEA,31,ROLB,16,16,1,66,51,77.3%,416,8.2,6.3,4,106.6,3.5,149,267,72,3,1,2.0,6,86,10,10.4%
71,Jamal Adams *\AdamJa00,SEA,25,SS,12,12,0,45,35,77.8%,411,11.7,9.1,0,104.7,6.8,224,187,98,10,6,9.5,26,83,9,9.8%
72,Rashaan Evans\EvanRa01,TEN,25,LILB,16,16,0,34,25,73.5%,194,7.8,5.7,0,87.1,4.5,47,147,53,2,3,0.5,6,96,3,3.0%
73,B.J. Goodson\GoodB.00,CLE,27,MLB,14,14,2,60,48,80.0%,444,9.3,7.4,4,105.8,4.0,163,281,31,1,2,0.5,4,91,5,5.2%
74,Josh Jones\JoneJo06,JAX,26,SS,13,13,1,38,33,86.8%,439,13.3,11.6,4,138.9,7.3,181,258,25,1,0,0.0,1,83,7,7.8%
75,Jalen Mills\MillJa02,PHI,26,FS,15,15,1,59,34,57.6%,391,11.5,6.6,2,82.0,8.8,221,170,36,1,3,1.5,6,74,9,10.8%
76,Nasir Adderley\AddeNa00,LAC,23,FS,15,14,1,31,22,71.0%,345,15.7,11.1,6,133.7,12.6,252,93,4,0,1,0.0,1,69,12,14.8%
77,Anthony Harris\HarrAn01,MIN,29,FS,16,16,0,36,21,58.3%,262,12.5,7.3,4,118.1,11.5,171,91,18,0,0,0.0,0,104,10,8.8%
78,Rayshawn Jenkins\JenkRa00,LAC,26,SS,15,15,2,64,42,65.6%,366,8.7,5.7,2,78.0,6.4,150,216,13,0,0,1.0,1,84,11,11.6%
79,Chuck Clark\ClarCh00,BAL,25,SS,16,16,1,53,32,60.4%,348,10.9,6.6,2,84.5,7.2,152,196,60,3,2,1.5,7,96,5,5.0%
80,Bobby Okereke\OkerBo00,IND,24,rlb,14,8,1,61,48,78.7%,437,9.1,7.2,0,89.7,4.8,180,257,26,0,1,0.0,1,72,4,5.3%
81,Jabrill Peppers\PeppJa00,NYG,25,SS,15,14,1,69,45,65.2%,492,10.9,7.1,2,89.8,6.9,254,238,38,4,0,2.5,7,91,10,9.9%
82,Lonnie Johnson Jr.\JohnLo01,HOU,25,db,16,5,0,37,27,73.0%,319,11.8,8.6,0,98.8,8.7,178,141,22,0,3,0.0,3,76,7,8.4%
83,Cory Littleton\LittCo01,LVR,27,RLB,14,14,0,64,45,70.3%,492,10.9,7.7,1,97.9,3.1,50,442,43,2,0,0.0,2,82,17,17.2%
84,Trayvon Mullen\MullTr00,LVR,23,LCB,16,16,2,87,54,62.1%,620,11.5,7.1,5,93.1,9.4,412,208,0,0,0,0.0,0,64,10,13.5%
85,Darnell Savage Jr.\SavaDa00,GNB,23,FS,15,15,4,39,22,56.4%,381,17.3,9.8,2,67.3,12.9,266,115,9,0,1,1.0,2,75,9,10.7%
86,Jamie Collins\CollJa00,DET,31,RLB,14,14,1,47,34,72.3%,434,12.8,9.2,2,106.2,5.9,178,256,42,3,2,1.0,6,101,12,10.6%
87,Troy Hill\HillTr01,LAR,29,LCB,16,16,3,91,64,70.3%,615,9.6,6.8,4,89.8,6.6,306,309,19,2,0,0.0,2,77,9,10.5%
88,Michael Ojemudia\OjemMi00,DEN,23,LCB,16,11,0,88,54,61.4%,815,15.1,9.3,3,103.2,11.5,576,239,2,0,0,0.0,0,62,12,16.2%
89,Germaine Pratt\PratGe00,CIN,24,MLB,16,15,0,47,38,80.9%,341,9.0,7.3,2,111.1,4.4,140,201,30,0,0,0.0,0,89,10,10.1%
90,Duron Harmon\HarmDu00,DET,29,FS,16,16,2,40,27,67.5%,597,22.1,14.9,3,114.6,15.9,438,159,7,0,1,0.0,1,73,10,12.0%
91,Terrance Mitchell\MitcTe00,CLE,28,RCB,16,16,0,99,58,58.6%,825,14.2,8.3,6,105.8,12.3,508,317,0,0,0,0.0,0,65,5,7.1%
92,Harrison Smith\SmitHa00,MIN,31,SS,16,16,5,32,21,65.6%,338,16.1,10.6,1,71.6,15.3,247,91,33,2,4,0.5,7,89,8,8.2%
93,Josh Bynes\ByneJo00,CIN,31,LLB,16,16,0,36,26,72.2%,211,8.1,5.9,0,86.7,1.6,42,169,24,0,1,1.0,2,99,16,13.9%
94,Shaquill Griffin\GrifSh00,SEA,25,LCB,12,12,3,87,54,62.1%,644,11.9,7.4,6,93.3,11.2,487,157,2,0,0,0.0,0,63,4,6.0%
95,Lamarcus Joyner\JoynLa00,LVR,30,llb,14,6,0,66,44,66.7%,458,10.4,6.9,1,91.6,7.9,243,215,21,0,0,0.0,0,66,7,9.6%
96,Dre Kirkpatrick\KirkDr00,ARI,31,RCB,14,11,3,94,62,66.0%,660,10.6,7.0,2,80.1,8.9,346,314,1,0,0,0.0,0,56,11,16.4%
97,A.J. Klein\KleiAJ00,BUF,29,LLB,16,11,0,48,35,72.9%,359,10.3,7.5,1,101.0,3.9,57,302,64,2,3,5.0,12,75,17,18.5%
98,Nick Kwiatkoski\KwiaNi00,LVR,27,MLB,12,12,1,47,27,57.4%,249,9.2,5.3,2,77.3,5.0,148,101,16,2,1,1.0,4,81,10,11.0%
99,Sean Murphy-Bunting\BuntSe00,TAM,23,RCB,16,13,1,100,77,77.0%,942,12.2,9.4,6,121.3,8.6,575,367,27,1,1,0.0,2,70,14,16.7%
100,Troy Reeder\ReedTr01,LAR,26,lilb,16,7,0,39,30,76.9%,215,7.2,5.5,0,89.2,1.2,13,202,15,0,1,3.0,4,81,8,9.0%
101,Darius Slay\SlayDa00,PHI,29,RCB,15,14,1,90,69,76.7%,851,12.3,9.5,3,111.9,9.6,580,271,2,0,0,0.0,0,59,5,7.8%
102,Jordan Whitehead\WhitJo03,TAM,23,FS,16,16,2,35,22,62.9%,309,14.0,8.8,2,86.5,10.0,234,75,36,4,1,2.0,7,74,9,10.8%
103,Carlton Davis\DaviCa02,TAM,24,LCB,14,14,4,105,65,61.9%,855,13.2,8.1,5,87.6,11.3,560,295,4,0,0,0.0,0,68,11,13.9%
104,Kyle Fuller\FullKy00,CHI,28,LCB,16,16,1,83,46,55.4%,527,11.5,6.3,5,89.8,10.6,346,181,1,0,0,0.0,0,65,16,19.8%
105,Chauncey Gardner-Johnson\GardCh00,NOR,23,DB,15,13,1,94,54,57.4%,442,8.2,4.7,2,72.2,7.0,221,221,31,2,3,1.0,6,66,11,14.3%
106,Marshon Lattimore *\LattMa01,NOR,24,RCB,14,14,2,85,45,52.9%,626,13.9,7.4,7,94.5,12.9,484,142,0,0,0,0.0,0,62,4,6.1%
107,Marcus Maye\MayeMa00,NYJ,27,FS,16,16,2,46,27,58.7%,285,10.6,6.2,3,80.4,11.0,139,146,23,1,0,2.0,3,88,11,11.1%
108,Patrick Peterson\PetePa00,ARI,30,LCB,16,16,3,79,53,67.1%,662,12.5,8.4,5,98.2,11.3,451,211,3,0,0,0.0,0,61,5,7.6%
109,Buster Skrine\SkriBu00,CHI,31,,12,3,0,64,50,78.1%,507,10.1,7.9,5,125.7,8.9,334,173,9,0,0,0.0,0,66,7,9.6%
110,Jamel Dean\DeanJa00,TAM,24,db,14,7,1,70,43,61.4%,400,9.3,5.7,3,85.4,9.4,258,142,7,1,0,0.0,1,62,2,3.1%
111,DeShon Elliott\ElliDe02,BAL,23,FS,16,16,0,39,23,59.0%,342,14.9,8.8,3,113.4,12.4,254,88,49,1,2,2.5,7,80,11,12.1%
112,Isaiah Oliver\OlivIs00,ATL,24,RCB,16,12,0,90,63,70.0%,745,11.8,8.3,7,120.8,8.3,364,381,17,2,1,1.0,4,70,8,10.3%
113,Andrew Sendejo\SendAn00,CLE,33,FS,14,14,0,47,34,72.3%,474,13.9,10.1,7,144.0,14.0,368,106,3,0,0,0.0,0,67,10,13.0%
114,Blessuan Austin\AustBl00,NYJ,24,rcb,11,10,0,73,48,65.8%,478,10.0,6.5,3,97.9,7.8,302,176,3,0,1,0.0,1,63,12,16.0%
115,Ja'Whaun Bentley\BentJa00,NWE,24,LLB,13,13,0,31,24,77.4%,221,9.2,7.1,0,96.3,4.3,60,161,45,2,2,1.5,6,91,9,9.0%
116,Rasul Douglas\DougRa00,CAR,26,RCB,14,11,0,98,62,63.3%,783,12.6,8.0,6,108.5,9.4,514,269,2,0,0,0.0,0,62,8,11.4%
117,Jason Verrett\VerrJa00,SFO,29,LCB,13,13,2,75,50,66.7%,454,9.1,6.1,1,76.2,8.7,284,170,2,0,0,0.0,0,60,4,6.3%
118,Kyzir White\WhitKy00,LAC,24,llb,11,10,0,49,37,75.5%,349,9.4,7.1,2,108.3,6.3,203,146,13,0,2,0.5,3,77,10,11.5%
119,Krys Barnes\BarnKr00,GNB,22,rilb,13,10,0,31,27,87.1%,225,8.3,7.3,2,118.4,3.1,75,150,16,1,0,1.0,2,80,7,8.0%
120,Trevon Diggs\DiggTr00,DAL,22,RCB,12,11,3,84,46,54.8%,667,14.5,7.9,5,85.8,13.3,465,202,2,0,0,1.0,1,58,5,7.9%
121,Malcolm Smith\SmitMa02,CLE,31,olb,15,4,1,45,35,77.8%,286,8.2,6.4,0,83.9,4.1,82,204,30,1,0,1.0,2,72,5,6.5%
122,Michael Davis\DaviMi03,LAC,25,LCB,16,14,3,104,63,60.6%,724,11.5,7.0,3,79.2,12.0,566,158,2,0,0,0.0,0,64,9,12.3%
123,Tashaun Gipson\GipsTa00,CHI,30,SS,16,16,2,44,28,63.6%,395,14.1,9.0,3,96.3,12.5,270,125,6,0,0,0.0,0,66,3,4.3%
124,Micah Hyde\HydeMi00,BUF,30,FS,15,15,1,22,14,63.6%,163,11.6,7.4,1,82.2,7.5,106,57,15,0,0,0.0,0,70,8,10.3%
125,Tyrann Mathieu*+\MathTy00,KAN,28,SS,15,15,6,67,42,62.7%,535,12.7,8.0,2,60.2,9.3,270,265,31,2,1,0.0,3,62,8,11.4%
126,Donovan Wilson\WilsDo01,DAL,25,ss,14,10,2,24,16,66.7%,213,13.3,8.9,2,87.7,12.2,171,42,8,0,0,3.5,5,71,4,5.3%
127,Xavier Woods\WoodXa00,DAL,25,FS,15,15,0,29,23,79.3%,250,10.9,8.6,3,137.1,9.5,167,83,12,1,1,0.0,2,72,6,7.7%
128,Ugo Amadi\AmadUg00,SEA,23,db,14,5,0,63,46,73.0%,361,7.8,5.7,0,86.8,5.3,143,218,22,0,0,0.0,0,54,4,6.9%
129,Nevin Lawson\LawsNe00,LVR,29,rcb,14,9,0,67,45,67.2%,483,10.7,7.2,5,113.0,9.2,327,156,2,0,0,1.0,1,61,3,4.7%
130,Julian Love\LoveJu00,NYG,22,db,16,6,1,31,22,71.0%,302,13.7,9.7,2,109.9,11.5,226,76,4,0,0,0.0,0,64,5,7.2%
131,Eric Murray\MurrEr00,HOU,26,FS,14,14,0,70,56,80.0%,659,11.8,9.4,6,134.5,7.1,288,371,36,3,2,2.0,7,71,12,14.5%
132,Vince Williams\WillVi01,PIT,31,RILB,14,14,0,35,22,62.9%,146,6.6,4.2,2,90.9,6.1,81,65,47,2,1,3.0,6,70,12,14.6%
133,Terrell Edmunds\EdmuTe00,PIT,23,SS,15,12,2,45,25,55.6%,362,14.5,8.0,1,70.8,10.1,248,114,35,1,0,1.0,2,68,6,8.1%
134,Karl Joseph\JoseKa00,CLE,27,ss,14,8,1,36,22,61.1%,264,12.0,7.3,7,111.6,9.8,186,78,9,2,0,0.0,2,67,12,15.2%
135,Christian Kirksey\KirkCh00,GNB,28,LILB,11,11,2,43,31,72.1%,282,9.1,6.6,6,109.7,4.6,87,195,18,0,0,2.0,2,77,9,10.5%
136,Harold Landry\LandHa00,TEN,24,ROLB,16,16,1,18,15,83.3%,80,5.3,4.4,0,62.0,3.8,34,46,86,18,10,5.5,34,69,11,13.8%
137,Marcus Peters\PeteMa00,BAL,27,RCB,14,14,4,86,55,64.0%,627,11.4,7.3,3,78.0,10.4,382,245,4,0,0,1.0,1,52,14,21.2%
138,D.J. Reed\ReedD.00,SEA,24,rcb,10,8,2,59,38,64.4%,404,10.6,6.8,1,75.8,9.3,302,102,9,1,0,0.0,1,62,2,3.1%
139,Kyle Van Noy\VanNKy00,MIA,29,ROLB,14,13,0,24,21,87.5%,201,9.6,8.4,0,101.6,3.8,67,134,112,8,4,6.0,18,69,12,14.8%
140,Damien Wilson\WilsDa02,KAN,27,MLB,13,13,0,30,23,76.7%,239,10.4,8.0,1,110.3,3.2,62,177,38,0,0,0.0,0,73,7,8.8%
141,Jayon Brown\BrowJa06,TEN,25,rilb,10,10,1,58,42,72.4%,436,10.4,7.5,5,115.3,3.9,143,293,30,2,1,1.0,4,76,7,8.4%
142,Cole Holcomb\HolcCo00,WAS,24,llb,11,10,1,34,21,61.8%,111,5.3,3.3,1,64.7,4.2,39,72,34,1,1,2.5,5,72,9,11.1%
143,Kevin King\KingKe01,GNB,25,RCB,11,11,0,57,36,63.2%,488,13.6,8.6,1,96.2,10.1,321,167,1,0,1,0.0,1,57,12,17.4%
144,Devin McCourty\McCoDe99,NWE,33,FS,16,16,2,28,21,75.0%,291,13.9,10.4,3,113.8,11.3,225,66,10,0,0,0.0,0,68,8,10.5%
145,Amani Oruwariye\OruwAm00,DET,24,RCB,16,15,1,86,51,59.3%,844,16.5,9.8,3,99.2,12.7,502,342,2,0,0,0.0,0,53,12,18.5%
146,Jimmie Ward\WardJi01,SFO,29,FS,14,14,0,49,34,69.4%,380,11.2,7.8,2,105.8,7.5,183,197,18,2,1,0.0,3,73,2,2.7%
147,Jarrod Wilson\WilsJa00,JAX,26,FS,12,12,1,26,20,76.9%,218,10.9,8.4,0,85.1,8.0,142,76,11,0,0,0.0,0,69,8,10.4%
148,James Bradberry *\BradJa00,NYG,27,LCB,15,15,3,91,56,61.5%,580,10.4,6.4,4,80.8,9.5,393,187,5,0,0,0.0,0,54,9,14.3%
149,Joe Haden\HadeJo99,PIT,31,LCB,14,14,2,79,40,50.6%,559,14.0,7.1,3,75.9,13.2,445,114,0,0,0,0.0,0,52,9,14.8%
150,Erik Harris\HarrEr00,LVR,30,FS,14,12,0,31,18,58.1%,418,23.2,13.5,2,124.1,14.1,277,141,11,0,1,0.0,1,61,13,17.6%
151,Anthony Hitchens\HitcAn00,KAN,28,LLB,14,14,0,31,24,77.4%,218,9.1,7.0,1,106.7,4.3,75,143,33,2,4,0.0,6,78,4,4.9%
152,Janoris Jenkins\JenkJa03,NOR,32,LCB,13,13,3,80,47,58.8%,651,13.9,8.1,3,81.8,13.4,468,183,0,0,0,0.0,0,55,4,6.8%
153,Micah Kiser\KiseMi00,LAR,25,lilb,9,9,0,50,31,62.0%,262,8.5,5.2,3,95.6,2.9,90,172,30,1,1,0.0,2,77,10,11.5%
154,Tre'Davious White *\WhitTr01,BUF,25,LCB,14,14,3,65,37,56.9%,454,12.3,7.0,4,79.9,9.1,325,129,10,0,1,1.5,4,57,7,10.9%
155,Shaquil Barrett\BarrSh00,TAM,28,ROLB,15,15,0,23,19,82.6%,153,8.1,6.7,0,94.4,3.1,66,87,121,24,8,8.0,42,57,6,9.5%
156,Ronald Darby\DarbRo00,WAS,26,RCB,16,16,0,98,53,54.1%,715,13.5,7.3,1,81.0,12.9,537,178,5,0,0,0.0,0,55,6,9.8%
157,Kyle Dugger\DuggKy00,NWE,24,db,14,7,0,33,24,72.7%,237,9.9,7.2,0,92.6,5.7,122,115,10,1,0,0.0,1,64,7,9.9%
158,Rodney McLeod\McLeRo00,PHI,30,SS,13,13,1,29,14,48.3%,117,8.4,4.0,1,56.2,6.9,46,71,21,1,0,0.0,1,66,6,8.3%
159,Steven Nelson\NelsSt01,PIT,27,RCB,15,15,2,98,57,58.2%,732,12.8,7.5,7,97.0,11.4,414,318,0,0,0,0.0,0,48,4,7.7%
160,Haason Reddick\ReddHa00,ARI,26,LOLB,16,11,0,17,14,82.4%,190,13.6,11.2,1,132.8,3.8,45,145,140,16,5,12.5,34,63,4,6.0%
161,Isaiah Simmons\SimmIs00,ARI,22,lb,16,7,1,25,16,64.0%,142,8.9,5.7,3,102.0,6.6,39,103,44,2,1,2.0,5,54,5,8.5%
162,T.J. Watt *+\WattT.00,PIT,26,LOLB,15,15,1,6,3,50.0%,15,5.0,2.5,1,56.2,7.8,15,0,91,19,26,15.0,61,53,6,10.2%
163,Quandre Diggs*\DiggQu00,SEA,27,FS,16,16,5,27,18,66.7%,324,18.0,12.0,2,92.7,12.7,243,81,3,0,0,0.0,0,64,7,9.9%
164,Jordan Fuller\FullJo01,LAR,22,SS,12,12,3,40,32,80.0%,370,11.6,9.3,3,99.0,8.3,209,161,0,0,0,0.0,0,60,8,11.8%
165,Mike Hilton\HiltMi01,PIT,26,db,12,6,3,45,29,64.4%,268,9.2,6.0,1,60.2,10.7,130,138,46,1,2,3.0,6,51,11,17.7%
166,Brandon Jones\JoneBr06,MIA,22,fs,16,4,0,25,20,80.0%,151,7.6,6.0,1,105.2,3.6,35,116,41,3,0,1.0,4,62,7,10.1%
167,Jayron Kearse\KearJa00,DET,26,ss,11,7,0,31,19,61.3%,149,7.8,4.8,1,83.9,5.8,83,66,21,3,1,0.0,4,59,4,6.3%
168,Jeff Okudah\OkudJe00,DET,21,rcb,9,6,1,53,41,77.4%,594,14.5,11.2,2,118.0,9.8,399,195,0,0,0,0.0,0,47,5,9.6%
169,Sione Takitaki\TakiSi00,CLE,25,RLB,15,12,1,25,18,72.0%,181,10.1,7.2,0,75.6,2.9,43,138,21,0,1,1.0,2,67,4,5.6%
170,Jaire Alexander*\AlexJa00,GNB,23,LCB,15,15,1,80,41,51.3%,375,9.1,4.7,2,67.4,9.5,252,123,4,0,0,1.0,1,51,5,8.9%
171,Xavien Howard*+\HowaXa00,MIA,27,RCB,16,16,10,101,52,51.5%,719,13.8,7.1,4,48.3,12.8,452,267,2,1,0,0.0,1,51,6,10.5%
172,Desmond King\KingDe01,2TM,26,,15,8,0,51,35,68.6%,299,8.5,5.9,3,103.3,6.3,148,151,33,2,0,2.0,4,55,4,6.8%
173,Jourdan Lewis\LewiJo01,DAL,25,DB,15,13,0,79,50,63.3%,434,8.7,5.5,4,94.6,5.5,204,230,10,0,0,2.0,2,59,5,7.8%
174,Byron Murphy\MurpBy00,ARI,22,rcb,15,7,0,81,53,65.4%,538,10.2,6.6,2,92.5,9.6,296,242,34,1,1,2.0,4,51,8,13.6%
175,Grover Stewart\StewGr00,IND,27,RDT,16,16,0,1,0,0.0%,0,,0.0,0,39.6,-4.0,0,0,0,5,3,0.5,9,53,5,8.6%
176,Kwon Alexander\AlexKw00,2TM,26,,12,12,0,37,22,59.5%,156,7.1,4.2,3,96.2,2.2,28,128,45,1,1,1.0,3,57,8,12.3%
177,Pierre Desir\DesiPi00,2TM,30,,12,8,3,53,41,77.4%,524,12.8,9.9,5,115.6,8.5,340,184,1,0,0,0.0,0,49,5,9.3%
178,Bobby McCain\McCaBo01,MIA,27,SS,16,15,1,16,10,62.5%,139,13.9,8.7,0,64.3,12.3,77,62,45,2,2,0.0,4,46,6,11.5%
179,Robert Spillane\SpilRo00,PIT,25,lilb,12,7,1,30,16,53.3%,135,8.4,4.5,0,51.4,5.1,61,74,30,4,1,2.0,7,45,6,11.8%
180,Marcus Williams\WillMa06,NOR,24,FS,14,14,3,26,16,61.5%,246,15.4,9.5,5,92.8,14.0,169,77,2,0,0,0.0,0,59,3,4.8%
181,Kendall Fuller\FullKe00,WAS,25,LCB,14,14,4,85,52,61.2%,553,10.6,6.5,6,84.1,9.2,339,214,3,0,0,0.0,0,50,9,15.3%
182,William Jackson III\JackWi02,CIN,28,RCB,14,14,1,74,38,51.4%,549,14.4,7.4,4,88.2,12.9,358,191,0,0,0,0.0,0,45,4,8.2%
183,LeShaun Sims\SimsLe00,CIN,27,lcb,13,10,1,74,60,81.1%,716,11.9,9.7,9,140.9,9.7,484,232,1,0,0,0.0,0,52,8,13.3%
184,Charvarius Ward\WardCh01,KAN,24,LCB,14,13,0,56,32,57.1%,398,12.4,7.1,4,103.1,9.6,228,170,13,2,2,1.0,5,51,2,3.8%
185,Denzel Ward\WardDe02,CLE,23,LCB,12,12,2,81,44,54.3%,481,10.9,5.9,4,78.3,11.3,373,108,3,0,1,0.0,1,46,5,9.8%
186,DeForest Buckner +\BuckDe00,IND,26,LDT,15,14,0,0,0,,0,,,0,,,0,0,0,4,16,9.5,31,58,2,3.3%
187,T.J. Edwards\EdwaTJ02,PHI,24,MLB,12,12,1,17,12,70.6%,129,10.8,7.6,2,107.2,6.2,66,63,18,1,0,2.0,4,70,7,9.1%
188,Tre Flowers\FlowTr01,SEA,25,rcb,12,7,0,71,55,77.5%,585,10.6,8.2,1,105.7,9.1,395,190,8,0,0,0.0,0,47,4,7.8%
189,Lawrence Guy\GuyxLa00,NWE,30,LDT,14,14,0,1,1,100.0%,1,1.0,1.0,0,79.2,-2.0,-2,3,0,4,5,2.0,11,57,6,9.5%
190,Harvey Langi\LangHa00,NYJ,28,lilb,14,6,0,35,28,80.0%,204,7.3,5.8,1,100.5,4.5,87,117,62,2,1,0.0,3,60,10,14.3%
191,Tarvarius Moore\MoorTa00,SFO,24,ss,16,8,0,20,15,75.0%,252,16.8,12.6,3,156.2,15.7,181,71,6,0,0,0.0,0,52,5,8.8%
192,Nickell Robey-Coleman\RobeNi00,PHI,28,lcb,15,7,0,52,41,78.8%,490,12.0,9.4,3,125.2,7.4,245,245,9,0,0,0.0,0,44,10,18.5%
193,Kendall Sheffield\ShefKe00,ATL,24,lcb,13,9,0,70,51,72.9%,706,13.8,10.1,3,119.1,10.6,459,247,1,0,0,0.0,0,51,4,7.3%
194,Darious Williams\WillDa09,LAR,27,rilb,16,10,4,72,39,54.2%,480,12.3,6.7,2,61.1,14.1,325,155,2,0,0,0.0,0,44,5,10.2%
195,Jonathan Allen\AlleJo01,WAS,25,RDT,16,16,0,1,1,100.0%,-4,-4.0,-4.0,0,79.2,-4.0,-4,0,0,10,11,2.0,24,63,3,4.5%
196,Bryce Callahan\CallBr00,DEN,29,rcb,10,10,2,57,31,54.4%,205,6.6,3.6,0,47.8,10.1,148,57,10,1,1,0.0,2,42,3,6.7%
197,Cameron Dantzler\DantCa00,MIN,22,lcb,11,10,2,71,45,63.4%,525,11.7,7.4,4,92.8,10.7,359,166,0,0,0,0.0,0,46,7,13.2%
198,Casey Hayward\HaywCa00,LAC,31,RCB,14,13,1,77,38,49.4%,631,16.6,8.2,5,93.6,14.2,487,144,2,1,0,0.0,1,41,9,18.0%
199,Avonte Maddox\MaddAv00,PHI,24,lcb,10,8,0,49,33,67.3%,429,13.0,8.8,2,108.3,11.7,290,139,1,1,0,0.0,1,40,3,7.0%
200,Nik Needham\NeedNi00,MIA,24,db,16,6,2,64,42,65.6%,548,13.0,8.6,3,95.1,8.7,307,241,21,2,0,1.0,3,58,4,6.5%
201,Kevin Pierre-Louis\PierKe00,WAS,29,RLB,13,11,0,35,28,80.0%,220,7.9,6.3,5,132.4,4.7,109,111,32,2,1,1.0,4,56,12,17.6%
202,Jalen Ramsey*+\RamsJa00,LAR,26,RCB,15,15,1,71,36,50.7%,345,9.6,4.9,2,68.1,10.2,212,133,9,0,1,0.0,1,44,3,6.4%
203,J.J. Watt\WattJ.00,HOU,31,LDE,16,16,1,5,4,80.0%,41,10.3,8.2,0,61.2,-4.0,-15,56,0,11,12,5.0,29,52,6,10.3%
204,Rock Ya-Sin\Ya-SRo00,IND,24,lcb,13,8,1,67,45,67.2%,594,13.2,8.9,2,98.7,10.7,386,208,0,0,0,0.0,0,45,3,6.3%
205,Julian Blackmon\BlacJu01,IND,22,FS,15,14,2,27,19,70.4%,405,21.3,15.0,2,106.6,16.7,315,90,2,0,0,0.0,0,42,7,14.3%
206,Jordyn Brooks\BrooJo01,SEA,23,lb,14,6,0,25,17,68.0%,139,8.2,5.6,1,95.2,7.9,92,47,8,1,0,0.0,1,57,3,5.0%
207,Brian Burns\BurnBr00,CAR,22,LDE,15,14,0,18,17,94.4%,114,6.7,6.3,0,93.1,-1.4,-18,132,7,16,11,9.0,37,58,6,9.4%
208,Marcus Epps\EppsMa00,PHI,24,db,14,5,2,21,17,81.0%,230,13.5,11.0,0,72.7,8.2,152,78,5,0,0,0.0,0,47,5,9.6%
209,Brandon Graham*\GrahBr99,PHI,32,RDE,16,16,0,1,0,0.0%,0,,0.0,0,39.6,0.0,0,0,1,11,9,8.0,29,46,8,14.8%
210,Amani Hooker\HookAm00,TEN,22,fs,16,3,4,23,19,82.6%,230,12.1,10.0,1,83.2,9.6,116,114,15,0,0,0.0,0,51,8,13.6%
211,Sebastian Joseph\JoseSe00,LAR,25,NT,16,16,0,1,1,100.0%,1,1.0,1.0,0,79.2,-3.0,-3,4,0,1,3,1.0,5,55,4,6.8%
212,Matt Milano\MilaMa00,BUF,26,llb,10,5,1,35,22,62.9%,158,7.2,4.5,1,70.9,3.9,60,98,37,1,5,3.5,10,45,8,15.1%
213,Xavier Rhodes\RhodXa00,IND,30,RCB,16,16,2,81,42,51.9%,563,13.4,7.0,5,84.5,11.1,422,141,2,0,0,0.0,0,42,4,8.7%
214,Sheldon Richardson\RichSh00,CLE,30,LDT,16,16,0,1,1,100.0%,5,5.0,5.0,0,87.5,-6.0,-6,11,0,12,4,4.5,22,64,3,4.5%
215,Za'Darius Smith*\SmitZa00,GNB,28,ROLB,16,16,0,0,0,,0,,,0,,,0,0,56,12,11,12.5,39,52,7,11.9%
216,Andrew Wingard\WingAn01,JAX,24,fs,13,4,2,22,12,54.5%,159,13.3,7.2,2,70.1,11.0,95,64,10,0,0,0.0,0,50,3,5.7%
217,Chris Banjo\BanjCh00,ARI,30,fs,13,4,0,17,11,64.7%,132,12.0,7.8,0,88.4,7.7,59,73,10,1,1,0.0,2,48,5,9.4%
218,Juston Burris\BurrJu00,CAR,27,SS,13,12,1,44,31,70.5%,294,9.5,6.7,3,101.9,6.3,148,146,24,1,1,0.0,2,53,8,13.1%
219,Tae Crowder\CrowTa00,NYG,23,rilb,11,6,0,24,18,75.0%,181,10.1,7.5,0,96.0,3.0,55,126,21,1,2,1.0,4,57,4,6.6%
220,J.C. Jackson\JackJ.00,NWE,25,LCB,16,11,9,83,49,59.0%,691,14.1,8.3,5,66.5,12.3,368,323,1,1,0,0.0,1,40,9,18.4%
221,Jaylon Johnson\JohnJa13,CHI,21,RCB,13,13,0,78,44,56.4%,694,15.8,8.9,5,107.5,12.3,424,270,1,0,0,0.0,0,44,9,17.0%
222,Cameron Jordan*\JordCa00,NOR,31,LDE,16,16,0,3,3,100.0%,15,5.0,5.0,0,87.5,-1.0,-3,18,3,9,8,7.5,26,51,7,12.1%
223,DeMarcus Lawrence\LawrDe00,DAL,28,DE,16,15,0,2,2,100.0%,6,3.0,3.0,0,79.2,-2.5,-5,11,2,14,4,6.5,26,58,9,13.4%
224,Emmanuel Moseley\MoseEm00,SFO,24,rcb,12,8,1,56,33,58.9%,420,12.7,7.5,4,98.8,11.9,277,143,1,0,0,0.0,0,47,6,11.3%
225,Jason Pierre-Paul*\PierJa99,TAM,31,LOLB,16,16,2,11,7,63.6%,57,8.1,5.2,1,67.4,1.7,-4,61,69,8,4,9.5,22,55,8,12.7%
226,Brian Poole\PoolBr01,NYJ,28,cb,9,7,2,39,25,64.1%,257,10.3,6.6,0,61.6,8.0,127,130,26,1,2,1.0,4,44,3,6.4%
227,Malik Reed\ReedMa01,DEN,24,LOLB,16,13,0,11,10,90.9%,84,8.4,7.6,0,98.5,3.3,35,49,74,15,8,8.0,33,53,3,5.4%
228,Darryl Roberts\RobeDa00,DET,30,db,11,5,1,47,35,74.5%,379,10.8,8.1,3,110.2,9.2,243,136,5,0,0,0.0,0,39,5,11.4%
229,John Simon\SimoJo01,NWE,30,RDE,16,16,0,12,11,91.7%,66,6.0,5.5,0,89.6,-0.3,0,66,14,9,2,2.0,13,53,4,7.0%
230,Levi Wallace\WallLe00,BUF,25,RCB,12,12,2,71,41,57.7%,558,13.6,7.9,3,85.3,10.9,398,160,2,0,1,0.0,1,48,3,5.9%
231,Chris Claybrooks\ClayCh02,JAX,23,cb,13,4,0,34,26,76.5%,318,12.2,9.4,4,144.0,12.4,244,74,1,0,0,0.0,0,39,4,9.3%
232,Keion Crossen\CrosKe00,HOU,24,cb,16,4,0,35,20,57.1%,272,13.6,7.8,1,91.6,12.9,192,80,0,0,0,0.0,0,46,4,8.0%
233,Myles Garrett *+\GarrMy00,CLE,25,LDE,14,14,0,3,2,66.7%,4,2.0,1.3,0,70.1,-0.7,-7,11,0,12,7,12.0,32,48,2,4.0%
234,Bryce Hall\HallBr02,NYJ,23,lcb,8,7,1,52,37,71.2%,393,10.6,7.6,2,97.7,8.1,244,149,0,0,0,0.0,0,36,2,5.3%
235,Terez Hall\HallTe01,NWE,24,mlb,8,4,0,24,18,75.0%,159,8.8,6.6,0,92.2,4.4,68,91,9,0,0,0.0,0,50,6,10.7%
236,Sam Hubbard\HubbSa00,CIN,25,LDE,13,13,0,4,4,100.0%,30,7.5,7.5,0,97.9,3.0,12,18,0,6,9,2.0,18,62,7,10.1%
237,Linval Joseph\JoseLi99,LAC,32,RDT,16,16,0,2,2,100.0%,7,3.5,3.5,0,81.2,-0.5,4,3,0,10,2,0.0,12,62,8,11.4%
238,Jimmy Moreland\MoreJi00,WAS,25,db,16,5,1,65,44,67.7%,343,7.8,5.3,0,74.1,5.3,158,185,17,0,1,0.5,2,44,8,15.4%
239,Ryan Neal\NealRy00,SEA,25,cb,13,4,2,30,22,73.3%,264,12.0,8.8,0,72.1,9.1,178,86,16,3,0,0.0,3,44,7,13.7%
240,Elandon Roberts\RobeEl00,MIA,26,LILB,13,11,0,23,21,91.3%,220,10.5,9.6,2,135.5,3.7,77,143,30,1,2,1.5,5,61,11,15.3%
241,Bradley Roby\RobyBr00,HOU,28,lcb,10,10,1,45,29,64.4%,227,7.8,5.0,3,89.8,10.9,165,62,1,0,0,0.0,0,37,3,7.5%
242,Juan Thornhill\ThorJu00,KAN,25,fs,16,8,1,31,20,64.5%,289,14.5,9.3,2,102.8,12.8,189,100,10,0,1,0.0,1,41,7,14.6%
243,Stephon Tuitt\TuitSt00,PIT,27,DE,15,15,0,0,0,,0,,,0,,,0,0,0,10,13,11.0,36,45,5,10.0%
244,Chase Winovich\WinoCh00,NWE,25,lde,16,9,1,5,4,80.0%,39,9.8,7.8,0,59.6,1.6,4,35,10,24,7,5.5,37,48,5,9.4%
245,Mackensie Alexander\AlexMa01,CIN,27,rlb,13,10,1,56,39,69.6%,398,10.2,7.1,0,82.3,7.7,200,198,25,2,0,0.0,2,47,7,13.0%
246,Anthony Brown\BrowAn02,DAL,27,lcb,10,8,2,53,36,67.9%,444,12.3,8.4,3,96.7,8.9,254,190,4,0,0,1.0,1,39,2,4.9%
247,L.J. Fort\FortL.00,BAL,30,rilb,14,8,0,24,19,79.2%,152,8.0,6.3,1,106.9,4.8,67,85,42,2,1,0.0,3,53,5,8.6%
248,Nathan Gerry\GerrNa00,PHI,25,llb,7,7,0,32,27,84.4%,258,9.6,8.1,4,139.8,5.3,145,113,22,0,1,1.0,2,57,5,8.1%
249,Christian Jones\JoneCh05,DET,29,LLB,16,13,0,11,10,90.9%,57,5.7,5.2,0,88.3,1.2,13,44,42,1,1,0.0,2,57,3,5.0%
250,Matt Judon*\JudoMa00,BAL,28,ROLB,14,13,0,8,7,87.5%,86,12.3,10.8,0,111.5,6.9,52,34,72,11,15,6.0,32,50,4,7.4%
251,Romeo Okwara\OkwaRo01,DET,25,rde,16,9,0,2,2,100.0%,17,8.5,8.5,0,102.1,3.5,7,10,0,10,10,10.0,31,44,9,17.0%
252,Taylor Rapp\RappTa00,LAR,23,ss,9,5,1,19,15,78.9%,128,8.5,6.7,1,90.4,4.6,82,46,8,0,0,0.0,0,44,4,8.3%
253,Chandon Sullivan\SullCh00,GNB,24,db,16,10,1,56,38,67.9%,440,11.6,7.9,2,95.8,7.7,268,172,13,1,0,0.0,1,41,4,8.9%
254,Jahlani Tavai\TavaJa00,DET,24,mlb,16,10,0,30,23,76.7%,271,11.8,9.0,5,143.2,4.2,82,189,44,2,1,0.0,3,58,8,12.1%
255,Leighton Vander Esch\VandLe00,DAL,24,mlb,10,10,0,22,19,86.4%,172,9.1,7.8,0,99.2,4.1,78,94,9,0,0,1.0,2,60,12,16.7%
256,Quinnen Williams\WillQu00,NYJ,23,RDE,13,13,0,1,1,100.0%,-3,-3.0,-3.0,0,79.2,-5.0,-5,2,0,5,7,7.0,20,55,7,11.3%
257,Chase Young *\YounCh04,WAS,21,LDE,15,15,0,3,2,66.7%,18,9.0,6.0,0,82.6,-0.7,-7,25,7,10,6,7.5,24,44,3,6.4%
258,Leonard Floyd\FloyLe00,LAR,28,ROLB,16,16,0,7,7,100.0%,18,2.6,2.6,0,79.2,-4.3,-30,48,94,10,8,10.5,30,55,5,8.3%
259,Aldon Smith\SmitAl04,DAL,31,RDE,16,16,0,1,1,100.0%,16,16.0,16.0,0,118.7,3.0,3,13,24,6,9,5.0,20,48,14,22.6%
260,L'Jarius Sneed\SneeLJ00,KAN,23,db,9,6,3,52,31,59.6%,250,8.1,4.8,1,54.2,8.7,118,132,13,0,1,2.0,3,41,4,8.9%
261,Mykal Walker\WalkMy00,ATL,23,rlb,16,6,0,14,12,85.7%,77,6.4,5.5,1,113.4,2.5,27,50,34,0,2,0.0,2,45,2,4.3%
262,P.J. Williams\WillP.00,NOR,27,fs,15,3,1,34,22,64.7%,382,17.4,11.2,0,90.6,12.7,289,93,2,0,0,0.0,0,40,8,16.7%
263,Kenny Young\YounKe03,LAR,26,rilb,16,6,1,28,23,82.1%,187,8.1,6.7,0,79.6,0.5,11,176,16,0,1,1.0,2,52,3,5.5%
264,Bashaud Breeland\BreeBa00,KAN,28,RCB,11,11,2,60,30,50.0%,377,12.6,6.3,4,78.3,10.7,196,181,8,2,0,0.0,2,38,8,17.4%
265,Stephon Gilmore*\GilmSt00,NWE,30,RCB,11,11,1,49,28,57.1%,326,11.6,6.7,1,75.7,9.9,210,116,2,0,0,0.0,0,37,7,15.9%
266,Cameron Heyward *\HeywCa01,PIT,31,DT,15,15,1,2,0,0.0%,0,,0.0,0,0.0,-1.5,0,0,0,12,14,4.0,31,54,5,8.5%
267,Akiem Hicks\HickAk00,CHI,31,DE,15,15,0,0,0,,0,,,0,,,0,0,0,9,16,3.5,29,49,3,5.8%
268,Alex Highsmith\HighAl02,PIT,23,rolb,16,5,1,9,5,55.6%,57,11.4,6.3,0,35.2,5.8,33,24,36,6,4,2.0,12,48,2,4.0%
269,Kerry Hyder\HydeKe01,SFO,29,RDE,16,14,0,1,0,0.0%,0,,0.0,0,39.6,10.0,0,0,0,15,8,8.5,32,49,6,10.9%
270,Dexter Lawrence\LawrDe03,NYG,23,LDE,16,15,0,3,2,66.7%,3,1.5,1.0,0,70.1,-3.3,-6,9,0,6,6,4.0,16,53,2,3.6%
271,David Long\LongDa04,TEN,24,rilb,14,5,0,34,29,85.3%,278,9.6,8.2,1,110.5,4.9,115,163,26,1,0,0.0,1,54,10,15.6%
272,Jason McCourty\McCoJa99,NWE,33,LCB,16,11,0,45,29,64.4%,417,14.4,9.3,5,131.4,11.3,284,133,5,0,0,0.0,0,42,2,4.5%
273,Darius Phillips\PhilDa02,CIN,25,lcb,12,8,1,60,31,51.7%,380,12.3,6.3,5,92.4,12.0,324,56,7,0,2,0.0,2,38,6,13.6%
274,Reggie Ragland\RaglRe00,DET,27,mlb,16,6,0,17,10,58.8%,65,6.5,3.8,2,106.2,2.8,14,51,44,3,2,1.0,6,52,2,3.7%
275,Duke Riley\RileDu00,PHI,26,rlb,13,8,1,30,22,73.3%,181,8.2,6.0,1,85.6,2.0,20,161,23,0,0,0.5,1,55,9,14.1%
276,Zach Sieler\SielZa00,MIA,25,lde,16,8,0,1,0,0.0%,0,,0.0,0,39.6,4.0,0,0,0,3,7,3.5,14,48,4,7.7%
277,Joe Thomas\ThomJo04,DAL,29,,15,4,0,17,14,82.4%,135,9.6,7.9,0,99.8,5.5,74,61,23,3,2,0.0,5,48,5,9.4%
278,Darian Thompson\ThomDa05,DAL,27,ss,15,7,1,27,20,74.1%,302,15.1,11.2,4,134.6,10.6,238,64,8,0,1,0.0,1,43,2,4.4%
279,Arik Armstead\ArmsAr01,SFO,27,LDE,16,16,0,5,2,40.0%,14,7.0,2.8,0,47.9,-1.4,-7,21,0,10,9,3.5,23,49,5,9.3%
280,Chidobe Awuzie\AwuzCh00,DAL,25,db,8,6,1,40,24,60.0%,354,14.8,8.9,3,103.5,11.8,232,122,0,0,0,0.0,0,38,2,5.0%
281,Joey Bosa*\BosaJo00,LAC,25,lde,12,10,0,0,0,,0,,,0,,,0,0,0,18,19,7.5,45,39,6,13.3%
282,Willie Gay Jr.\GayJWi00,KAN,22,rlb,16,8,0,15,13,86.7%,84,6.5,5.6,0,90.0,2.9,31,53,19,1,0,1.0,2,39,6,13.3%
283,DaQuan Jones\JoneDa04,TEN,29,NT,16,16,0,1,1,100.0%,6,6.0,6.0,0,91.7,3.0,3,3,0,5,3,2.0,11,49,7,12.5%
284,Khalil Mack*\MackKh00,CHI,29,LOLB,16,16,1,6,4,66.7%,73,18.3,12.2,0,68.7,2.3,7,66,36,16,4,9.0,31,50,4,7.4%
285,Ben Niemann\NiemBe00,KAN,25,lb,15,5,0,22,18,81.8%,231,12.8,10.5,2,140.7,9.6,116,115,79,1,3,1.0,5,44,5,10.2%
286,Preston Smith\SmitPr00,GNB,28,LOLB,16,13,0,18,13,72.2%,124,9.5,6.9,1,109.5,2.9,38,86,39,5,6,4.0,16,42,6,12.5%
287,Tavierre Thomas\ThomTa01,CLE,24,cb,16,3,0,24,19,79.2%,188,9.9,7.8,1,113.2,7.2,131,57,13,0,0,1.0,1,30,1,3.2%
288,Andrew Van Ginkel\VanGAn00,MIA,25,LOLB,16,11,0,6,5,83.3%,40,8.0,6.7,0,94.4,1.7,10,30,65,0,5,5.5,11,48,5,9.4%
289,Nick Vigil\VigiNi00,LAC,27,olb,15,2,0,20,15,75.0%,113,7.5,5.7,1,104.8,4.3,27,86,5,0,0,2.0,2,50,3,5.7%
290,Leonard Williams\WillLe02,NYG,26,DT,16,12,0,1,1,100.0%,0,0.0,0.0,0,79.2,0.0,0,0,0,12,18,11.5,42,57,2,3.4%
291,Isaac Yiadom\YiadIs00,NYG,24,rcb,16,10,0,60,37,61.7%,480,13.0,8.0,6,120.1,10.5,286,194,2,0,0,0.5,1,46,5,9.8%
292,Kenny Clark\ClarKe01,GNB,25,NT,13,13,0,0,0,,0,,,0,,,0,0,0,6,4,2.0,12,42,2,4.5%
293,Fletcher Cox*\CoxxFl00,PHI,30,RDT,15,15,0,2,1,50.0%,14,14.0,7.0,0,72.9,-2.5,-4,18,0,12,3,6.5,22,41,2,4.7%
294,Darqueze Dennard\DennDa00,ATL,29,cb,8,6,1,59,37,62.7%,310,8.4,5.3,3,86.1,8.6,183,127,2,0,0,0.0,0,36,4,10.0%
295,Quinton Dunbar\DunbQu00,SEA,28,rcb,6,6,1,54,35,64.8%,491,14.0,9.1,4,111.0,10.8,334,157,5,0,0,0.0,0,30,4,11.8%
296,Corn Elder\EldeCo00,CAR,26,cb,16,1,0,47,32,68.1%,283,8.8,6.0,1,91.0,7.1,184,99,17,0,0,0.0,0,40,2,4.8%
297,Raven Greene\GreeRa02,GNB,25,,10,0,1,34,24,70.6%,246,10.3,7.2,1,88.6,6.1,139,107,13,1,1,1.5,4,44,7,13.7%
298,Jeff Heath\HeatJe00,LVR,29,fs,13,5,3,19,12,63.2%,121,10.1,6.4,1,59.2,8.8,99,22,10,0,1,0.0,1,37,2,5.1%
299,Byron Jones\JoneBy00,MIA,28,LCB,14,14,2,73,44,60.3%,775,17.6,10.6,5,108.0,12.3,412,363,3,0,0,0.0,0,37,9,19.6%
300,Johnathan Joseph\JoseJo20,2TM,36,,11,6,1,48,27,56.3%,363,13.4,7.6,4,99.6,10.6,262,101,5,0,0,0.0,0,32,4,11.1%
301,Montez Sweat\SweaMo00,WAS,24,RDE,16,16,1,0,0,,0,,,0,,,0,0,4,11,11,9.0,31,45,5,10.0%
302,Christian Wilkins\WilkCh00,MIA,25,LDE,14,12,1,1,1,100.0%,11,11.0,11.0,0,72.9,2.0,2,9,0,7,1,1.5,10,47,1,2.1%
303,Aaron Donald*+\DonaAa00,LAR,29,DT,16,16,0,2,2,100.0%,15,7.5,7.5,0,97.9,-5.5,-11,26,0,14,15,13.5,45,45,2,4.3%
304,Rashad Fenton\FentRa00,KAN,23,cb,16,3,1,58,36,62.1%,478,13.3,8.2,2,92.5,11.4,321,157,10,0,0,0.0,0,35,2,5.4%
305,Johnathan Hankins\HankJo00,LVR,28,LDT,16,16,0,1,0,0.0%,0,,0.0,0,39.6,-6.0,0,0,0,3,3,1.0,7,48,8,14.3%
306,Marcell Harris\HarrMa03,SFO,26,ss,16,4,0,17,9,52.9%,214,23.8,12.6,2,137.5,23.7,176,38,8,0,0,0.0,0,37,4,9.8%
307,C.J. Henderson\HendCJ00,JAX,22,lcb,8,8,1,51,33,64.7%,443,13.4,8.7,4,110.2,10.9,279,164,1,0,0,0.0,0,36,5,12.2%
308,Grady Jarrett*\JarrGr00,ATL,27,LDT,16,16,0,2,2,100.0%,1,0.5,0.5,0,79.2,0.0,0,1,0,9,16,4.0,30,52,6,10.3%
309,Will Parks\ParkWi01,2TM,26,,10,3,0,29,21,72.4%,191,9.1,6.6,1,101.4,7.4,113,78,13,0,0,1.0,1,31,4,11.4%
310,Daron Payne\PaynDa00,WAS,23,LDT,16,16,1,0,0,,0,,,0,,,0,0,0,9,4,3.0,17,54,7,11.5%
311,Troy Pride Jr.\PridTr00,CAR,22,rcb,14,8,0,41,29,70.7%,399,13.8,9.7,2,117.8,11.8,284,115,0,0,0,0.0,0,42,5,10.6%
312,Ndamukong Suh\SuhxNd99,TAM,33,LDE,16,16,0,5,5,100.0%,43,8.6,8.6,0,102.5,1.0,5,38,1,10,13,6.0,29,44,5,10.2%
313,Ty Summers\SummTy00,GNB,25,ilb,16,1,0,24,21,87.5%,171,8.1,7.1,2,124.1,3.1,56,115,2,0,0,0.0,0,39,4,9.3%
314,Cameron Sutton\SuttCa00,PIT,25,db,16,6,1,56,34,60.7%,384,11.3,6.9,1,79.8,9.4,221,163,7,1,0,1.0,2,30,5,14.3%
315,Tahir Whitehead\WhitTa00,CAR,30,mlb,14,9,1,29,24,82.8%,249,10.4,8.6,1,99.6,4.3,107,142,13,1,1,0.0,2,51,7,12.1%
316,Deatrich Wise Jr.\WiseDe00,NWE,26,lde,16,7,0,0,0,,0,,,0,,,0,0,0,9,9,2.5,21,49,2,3.9%
317,Bradley Chubb*\ChubBr00,DEN,24,ROLB,14,14,0,6,5,83.3%,61,12.2,10.2,0,109.0,2.2,14,47,35,15,11,7.5,34,42,7,14.3%
318,Will Harris\HarrWi02,DET,25,ss,16,5,0,20,13,65.0%,100,7.7,5.0,2,110.4,7.6,29,71,5,0,0,0.0,0,35,3,7.9%
319,Malik Harrison\HarrMa06,BAL,22,rilb,16,6,0,18,14,77.8%,111,7.9,6.2,1,110.9,4.2,58,53,10,1,0,0.0,1,44,2,4.3%
320,Lamar Jackson\JackLa02,NYJ,22,db,13,6,0,46,28,60.9%,434,15.5,9.4,5,128.4,10.9,326,108,0,0,0,0.0,0,28,1,3.4%
321,Dre'Mont Jones\JoneDr00,DEN,23,rde,13,8,0,2,2,100.0%,20,10.0,10.0,0,108.3,-1.0,-2,22,0,6,3,6.5,16,41,1,2.4%
322,Pernell McPhee\McPhPe00,BAL,32,LOLB,15,13,0,7,5,71.4%,39,7.8,5.6,0,84.8,5.1,13,26,65,4,12,3.0,19,34,10,22.7%
323,Troy Apke\ApkeTr00,WAS,25,fs,16,7,0,24,12,50.0%,225,18.8,9.4,2,110.6,21.6,170,55,4,0,0,0.0,0,35,4,10.3%
324,T.J. Carrie\CarrTr00,IND,30,cb,15,2,2,40,23,57.5%,309,13.4,7.7,2,78.0,11.1,214,95,1,0,0,0.0,0,32,4,11.1%
325,Ashtyn Davis\DaviAs00,NYJ,24,ss,10,6,0,26,19,73.1%,249,13.1,9.6,4,142.5,10.3,172,77,45,2,0,0.0,2,36,2,5.3%
326,Jarrad Davis\DaviJa01,DET,26,mlb,14,4,0,15,15,100.0%,138,9.2,9.2,2,144.6,1.5,23,115,22,4,3,0.5,8,46,8,14.8%
327,Devante Downs\DownDe00,NYG,25,lb,16,8,0,21,14,66.7%,121,8.6,5.8,1,97.5,2.9,55,66,5,0,1,0.0,1,33,1,2.9%
328,Poona Ford\FordPo00,SEA,25,NT,16,16,0,2,1,50.0%,3,3.0,1.5,0,56.2,-3.5,-3,6,0,5,7,2.0,14,40,2,4.8%
329,Chris Harris Jr.\HarrCh01,LAC,31,db,9,9,1,38,22,57.9%,360,16.4,9.5,4,113.9,8.1,180,180,13,2,0,0.5,3,37,3,7.5%
330,Emmanuel Ogbah\OgbaEm00,MIA,27,RDE,16,12,0,1,1,100.0%,30,30.0,30.0,0,118.7,8.0,8,22,0,14,11,9.0,36,42,4,8.7%
331,Denzel Perryman\PerrDe00,LAC,28,db,13,6,0,23,17,73.9%,91,5.4,4.0,1,94.7,2.6,8,83,9,0,1,1.0,2,48,1,2.0%
332,Dalvin Tomlinson\TomlDa00,NYG,26,NT,16,16,0,1,1,100.0%,0,0.0,0.0,0,79.2,0.0,0,0,0,5,6,3.5,15,49,7,12.5%
333,Jeremiah Attaochu\AttaJe00,DEN,27,olb,13,5,0,4,4,100.0%,32,8.0,8.0,0,100.0,0.0,0,32,28,8,6,5.0,19,31,3,8.8%
334,Cody Barton\BartCo00,SEA,24,mlb,16,2,0,4,4,100.0%,54,13.5,13.5,0,118.7,1.8,13,41,0,1,0,0.0,1,35,1,2.8%
335,Kris Boyd\BoydKr00,MIN,24,cb,10,5,0,39,28,71.8%,397,14.2,10.2,2,121.4,10.3,249,148,0,0,0,0.0,0,34,6,15.0%
336,Landon Collins\CollLa00,WAS,26,ss,7,7,1,20,13,65.0%,92,7.1,4.6,2,87.9,6.7,44,48,13,0,0,2.0,2,41,9,18.0%
337,William Gholston\GholWi00,TAM,29,RDE,16,12,0,1,1,100.0%,7,7.0,7.0,0,95.8,7.0,7,0,2,9,17,3.0,29,44,2,4.3%
338,Ronnie Harrison\HarrRo02,CLE,23,ss,11,7,1,21,13,61.9%,159,12.2,7.6,1,81.3,10.4,92,67,11,0,1,1.0,2,38,4,9.5%
339,Jeffery Simmons\SimmJe01,TEN,23,DT,15,15,0,2,1,50.0%,8,8.0,4.0,0,60.4,-2.0,1,7,0,7,11,3.0,21,49,4,7.5%
340,Josh Sweat\SweaJo00,PHI,23,de,14,3,0,3,2,66.7%,6,3.0,2.0,0,70.1,0.3,-3,9,0,2,6,6.0,14,38,1,2.6%
341,Jacob Tuioti-Mariner\TuioJa00,ATL,24,,16,0,0,5,3,60.0%,43,14.3,8.6,0,87.9,7.6,27,16,2,9,4,1.0,15,31,0,0.0%
342,Olivier Vernon\VernOl00,CLE,30,RDE,14,13,0,5,3,60.0%,28,9.3,5.6,0,75.4,1.0,5,23,7,12,7,9.0,28,36,6,14.3%
343,Mack Wilson\WilsMa03,CLE,22,llb,13,8,0,28,16,57.1%,136,8.5,4.9,1,81.8,5.7,47,89,12,1,0,0.0,1,39,10,20.4%
344,Bud Dupree\DuprAl00,PIT,27,ROLB,11,11,0,3,2,66.7%,16,8.0,5.3,0,79.9,2.7,2,14,81,12,7,8.0,28,31,2,6.1%
345,Deshazor Everett\EverDe01,WAS,28,fs,11,6,0,11,7,63.6%,98,14.0,8.9,0,92.2,11.4,81,17,3,0,0,0.0,0,31,7,18.4%
346,Kyler Fackrell\FackKy00,NYG,29,rolb,12,9,1,13,12,92.3%,99,8.3,7.6,1,92.0,2.5,27,72,31,5,6,4.0,14,34,7,17.1%
347,Darnay Holmes\HolmDa01,NYG,22,db,12,5,1,44,33,75.0%,339,10.3,7.7,0,87.2,5.4,143,196,23,1,1,0.5,3,30,7,18.9%
348,Chris Jones*\JoneCh09,KAN,26,LDT,15,14,0,0,0,,0,,,0,,,0,0,0,16,20,7.5,44,36,9,20.0%
349,Arthur Maulet\MaulAr00,NYJ,27,ss,11,5,1,32,20,62.5%,227,11.4,7.1,2,91.5,8.5,113,114,7,0,0,1.0,1,29,6,17.1%
350,Bradley McDougald\McDoBr01,NYJ,30,ss,7,7,0,18,12,66.7%,193,16.1,10.7,0,102.3,15.8,138,55,4,0,0,0.0,0,36,5,12.2%
351,Barkevious Mingo\MingBa00,CHI,30,olb,16,3,0,6,2,33.3%,24,12.0,4.0,0,46.5,-0.3,-4,28,27,0,2,2.5,5,35,4,10.3%
352,Yannick Ngakoue\NgakYa00,2TM,25,,15,8,0,2,2,100.0%,33,16.5,16.5,0,118.7,-1.0,-2,35,0,12,6,8.0,26,23,7,23.3%
353,Derrick Nnadi\NnadDe00,KAN,24,RDT,15,15,0,0,0,,0,,,0,,,0,0,0,2,1,0.0,3,47,4,7.8%
354,Larry Ogunjobi\OgunLa00,CLE,26,RDT,15,15,0,0,0,,0,,,0,,,0,0,0,6,2,2.5,12,46,7,13.2%
355,Ed Oliver\OlivEd00,BUF,23,RDT,16,16,0,0,0,,0,,,0,,,0,0,0,9,4,3.0,16,33,3,8.3%
356,Jimmy Smith\SmitJi03,BAL,32,db,11,5,0,36,18,50.0%,118,6.6,3.3,0,57.4,10.7,77,41,3,0,0,1.0,1,27,4,12.9%
357,Logan Wilson\WilsLo00,CIN,24,ilb,12,2,2,14,9,64.3%,89,9.9,6.4,1,66.4,4.9,57,32,43,0,1,1.0,2,33,2,5.7%
358,Tavon Wilson\WilsTa00,IND,30,ss,15,2,0,10,6,60.0%,31,5.2,3.1,1,98.3,8.5,27,4,1,0,1,0.0,1,26,2,7.1%
359,Azeez Al-Shaair\AlShAz00,SFO,23,llb,16,5,1,23,16,69.6%,171,10.7,7.4,0,72.9,2.7,33,138,23,1,1,0.0,2,35,3,7.9%
360,Alex Anzalone\AnzaAl00,NOR,26,mlb,16,9,0,27,21,77.8%,178,8.5,6.6,2,118.8,4.3,54,124,35,0,0,0.0,0,41,6,12.8%
361,Anthony Averett\AverAn00,BAL,26,cb,10,4,0,44,33,75.0%,353,10.7,8.0,1,105.6,8.7,219,134,0,0,0,0.0,0,27,5,15.6%
362,Breon Borders\BordBr00,TEN,25,lcb,6,5,1,47,24,51.1%,333,13.9,7.1,3,86.6,11.3,207,126,0,0,0,0.0,0,27,3,10.0%
363,Justin Coleman\ColeJu01,DET,27,db,11,5,0,45,35,77.8%,418,11.9,9.3,4,135.0,7.2,232,186,13,1,0,0.0,1,30,7,18.9%
364,Folorunso Fatukasi\FatuFo00,NYJ,25,nt,15,8,0,0,0,,0,,,0,,,0,0,0,4,3,2.0,9,42,5,10.6%
365,Trey Hendrickson\HendTr00,NOR,26,RDE,15,15,0,2,2,100.0%,20,10.0,10.0,0,108.3,3.5,7,13,2,7,11,13.5,33,25,2,7.4%
366,Donte Jackson\JackDo02,CAR,25,LCB,14,13,3,65,37,56.9%,443,12.0,6.8,4,79.2,12.2,288,155,0,0,0,0.0,0,34,11,24.4%
367,Jaleel Johnson\JohnJa09,MIN,26,RDT,16,16,0,4,3,75.0%,23,7.7,5.8,0,88.5,-0.8,0,23,0,0,0,1.5,2,44,3,6.4%
368,Kevin Johnson\JohnKe04,CLE,28,rcb,13,6,0,44,27,61.4%,330,12.2,7.5,1,92.0,7.3,174,156,23,0,2,0.5,3,35,5,12.5%
369,Mario Addison\AddiMa00,BUF,33,rde,15,7,0,7,6,85.7%,47,7.8,6.7,0,94.6,2.9,14,33,0,3,3,5.0,11,30,3,9.1%
370,Dorance Armstrong Jr.\ArmsDo00,DAL,23,de,16,2,0,9,6,66.7%,54,9.0,6.0,0,82.6,2.9,16,38,6,5,1,0.0,6,33,2,5.7%
371,Damon Arnette\ArneDa00,LVR,24,cb,9,7,0,32,25,78.1%,309,12.4,9.7,0,106.9,10.6,221,88,0,0,0,0.0,0,25,13,34.2%
372,Derek Barnett\BarnDe01,PHI,24,lde,13,10,0,3,2,66.7%,3,1.5,1.0,0,70.1,-5.0,-9,12,1,5,10,5.5,21,34,3,8.1%
373,Essang Bassey\BassEs01,DEN,22,cb,12,3,1,22,18,81.8%,188,10.4,8.5,1,98.5,8.7,114,74,6,1,0,0.0,1,23,3,11.5%
374,De'Vante Bausby\BausDe00,2TM,27,,11,3,0,38,26,68.4%,316,12.2,8.3,1,102.5,10.7,204,112,0,0,0,0.0,0,21,6,22.2%
375,A.J. Bouye\BouyA.00,DEN,29,lcb,7,7,0,35,23,65.7%,273,11.9,7.8,2,108.4,10.7,170,103,0,0,0,0.0,0,23,3,11.5%
376,Michael Brockers\BrocMi00,LAR,30,DE,15,15,0,0,0,,0,,,0,,,0,0,0,2,5,5.0,10,51,0,0.0%
377,Derrick Brown\BrowDe05,CAR,22,RDT,16,15,0,0,0,,0,,,0,,,0,0,0,7,10,2.0,19,34,5,12.8%
378,Jermaine Carter Jr.\CartJe00,CAR,25,mlb,16,7,0,17,12,70.6%,134,11.2,7.9,0,93.7,4.6,59,75,16,0,0,0.0,0,46,5,9.8%
379,Frank Clark *\ClarFr01,KAN,27,RDE,15,15,0,5,4,80.0%,6,1.5,1.2,0,79.2,-2.6,-13,19,10,9,10,6.0,25,29,4,12.1%
380,Jaylon Ferguson\FergJa02,BAL,25,olb,14,1,0,4,3,75.0%,14,4.7,3.5,0,79.2,-4.8,-19,33,39,5,3,2.0,10,30,4,11.8%
381,Morgan Fox\FoxxMo00,LAR,26,de,16,2,0,1,0,0.0%,0,,0.0,0,39.6,-6.0,0,0,0,4,3,6.0,13,27,0,0.0%
382,Kamu Grugier-Hill\GrugKa00,MIA,26,ilb,15,1,0,14,12,85.7%,109,9.1,7.8,1,122.9,4.4,51,58,22,0,1,1.0,2,28,3,9.7%
383,Josh Jackson\JackJo01,GNB,24,rcb,12,5,0,31,23,74.2%,285,12.4,9.2,1,113.0,9.3,142,143,0,0,0,0.0,0,26,7,21.2%
384,Sidney Jones\JoneSi00,JAX,24,rcb,9,6,2,38,22,57.9%,442,20.1,11.6,3,103.2,13.5,254,188,0,0,0,0.0,0,26,3,10.3%
385,Steven Means\MeanSt00,ATL,30,LDE,16,11,0,4,2,50.0%,13,6.5,3.3,0,57.3,-1.8,-1,14,13,6,3,3.0,14,38,4,9.5%
386,A.J. Moore\MoorA.00,HOU,25,db,11,5,0,15,10,66.7%,176,17.6,11.7,2,146.1,13.7,132,44,20,1,1,1.0,3,35,3,7.9%
387,Josh Norman\NormJo01,BUF,33,cb,9,3,1,32,21,65.6%,229,10.9,7.2,1,84.0,8.4,161,68,0,0,0,0.0,0,24,4,14.3%
388,Will Redmond\RedmWi00,GNB,27,ss,13,1,0,22,15,68.2%,214,14.3,9.7,1,114.6,5.4,72,142,9,2,2,0.0,4,28,7,20.0%
389,Dawuane Smoot\SmooDa00,JAX,25,lde,16,7,0,1,1,100.0%,-2,-2.0,-2.0,0,79.2,-4.0,-4,2,0,13,11,5.5,31,25,6,19.4%
390,Zach Allen\AlleZa01,ARI,23,ldt,13,7,0,0,0,,0,,,0,,,0,0,0,2,4,2.0,8,35,2,5.4%
391,Denico Autry\AutrDe00,IND,30,RDE,14,13,0,5,5,100.0%,44,8.8,8.8,0,103.3,4.2,21,23,0,12,2,7.5,22,33,2,5.7%
392,Chris Board\BoarCh00,BAL,25,olb,16,2,0,21,16,76.2%,134,8.4,6.4,1,108.0,2.2,10,124,39,2,3,2.5,8,31,9,22.5%
393,Jack Crawford\CrawJa00,TEN,32,de,16,9,0,0,0,,0,,,0,,,0,0,0,1,8,2.0,11,28,5,15.2%
394,Maxx Crosby\CrosMa00,LVR,23,RDE,16,16,0,2,2,100.0%,30,15.0,15.0,0,118.7,0.5,1,29,0,19,6,7.0,32,39,7,15.2%
395,Akeem Davis-Gaither\DaviAk01,CIN,23,olb,16,2,1,18,12,66.7%,150,12.5,8.3,0,69.2,8.1,81,69,31,5,1,0.5,7,31,3,8.8%
396,Carlos Dunlap\DunlCa99,2TM,31,,15,10,0,5,5,100.0%,47,9.4,9.4,0,105.8,5.0,25,22,1,8,11,6.0,26,32,3,8.6%
397,Shelby Harris\HarrSh00,DEN,29,LDE,11,11,0,2,1,50.0%,7,7.0,3.5,0,58.3,0.0,-6,13,0,6,8,2.5,17,32,1,3.0%
398,Tanoh Kpassagnon\KpasTa00,KAN,26,LDE,16,15,0,6,5,83.3%,26,5.2,4.3,1,124.3,-1.0,0,26,1,1,3,1.0,5,28,10,26.3%
399,Greg Mabin\MabiGr00,JAX,26,cb,5,4,0,24,14,58.3%,170,12.1,7.1,2,108.0,10.7,128,42,0,0,0,0.0,0,21,1,4.5%
400,Uchenna Nwosu\NwosUc00,LAC,24,de,13,4,0,5,2,40.0%,10,5.0,2.0,0,47.9,4.4,6,4,14,6,6,4.5,17,33,2,5.7%
401,David Onyemata\OnyeDa00,NOR,28,LDT,15,15,1,0,0,,0,,,0,,,0,0,0,8,9,6.5,24,44,2,4.3%
402,Jarran Reed\ReedJa02,SEA,28,DT,16,16,0,2,2,100.0%,-7,-3.5,-3.5,0,79.2,-5.5,-11,4,0,7,7,6.5,22,38,5,11.6%
403,Shamar Stephen\StepSh00,MIN,29,LDT,16,16,0,1,1,100.0%,7,7.0,7.0,0,95.8,-6.0,-6,13,0,2,2,0.5,5,34,2,5.6%
404,Jaquiski Tartt\TartJa00,SFO,28,ss,7,7,1,8,5,62.5%,68,13.6,8.5,1,89.6,21.3,51,17,5,0,0,0.0,0,30,2,6.3%
405,Jamar Taylor\TaylJa01,SFO,30,cb,8,3,2,17,13,76.5%,175,13.5,10.3,0,69.1,4.8,63,112,13,2,1,1.0,4,22,1,4.3%
406,DeShawn Williams\WillDe04,DEN,28,NT,14,11,1,0,0,,0,,,0,,,0,0,0,3,5,2.0,10,37,2,5.1%
407,Marcus Allen\AlleMa03,PIT,24,fs,14,2,0,10,8,80.0%,64,8.0,6.4,0,93.3,4.5,32,32,24,0,2,0.0,2,30,5,14.3%
408,Henry Anderson\AndeHe00,NYJ,29,lde,16,8,0,2,2,100.0%,58,29.0,29.0,0,118.7,10.0,20,38,0,4,2,0.5,7,42,6,12.5%
409,Tarell Basham\BashTa00,NYJ,26,lolb,16,9,0,9,6,66.7%,64,10.7,7.1,2,126.9,0.6,-1,65,63,9,9,3.5,23,36,5,12.2%
410,Raekwon Davis\DaviRa03,MIA,23,NT,16,12,0,0,0,,0,,,0,,,0,0,0,2,0,0.0,2,40,3,7.0%
411,Rashan Gary\GaryRa00,GNB,23,olb,15,4,0,0,0,,30,,,0,,,0,30,23,8,5,5.0,19,35,1,2.8%
412,Holton Hill\HillHo00,MIN,23,,4,2,0,27,18,66.7%,250,13.9,9.3,2,120.9,12.2,205,45,1,0,0,1.0,1,24,2,7.7%
413,Justin Houston\HousJu00,IND,31,LDE,16,16,0,3,1,33.3%,9,9.0,3.0,0,42.4,0.7,7,2,6,12,3,8.0,25,25,2,7.4%
414,Jerry Hughes\HughJe99,BUF,32,LDE,15,15,1,3,2,66.7%,15,7.5,5.0,0,38.9,0.0,1,14,0,12,7,4.5,25,29,11,27.5%
415,Justin Jones\JoneJu03,LAC,24,LDT,13,12,0,1,1,100.0%,8,8.0,8.0,0,100.0,8.0,8,0,0,1,3,1.0,5,34,1,2.9%
416,Cre'von LeBlanc\LeBlCr01,PHI,26,cb,9,1,0,32,25,78.1%,243,9.7,7.6,1,108.7,6.2,127,116,11,0,0,1.0,1,22,5,18.5%
417,Tyquan Lewis\LewiTy00,IND,25,de,16,4,0,0,0,,0,,,0,,,0,0,0,10,1,4.0,16,24,3,11.1%
418,Benson Mayowa\MayoBe00,SEA,29,lolb,13,9,0,6,3,50.0%,22,7.3,3.7,0,59.0,0.8,1,21,13,11,5,6.0,22,24,4,14.3%
419,Benardrick McKinney\McKiBe00,HOU,28,ilb,4,4,0,7,3,42.9%,18,6.0,2.6,0,50.3,5.0,3,15,14,0,0,0.0,0,37,4,9.8%
420,Al-Quadin Muhammad\MuhaAl00,IND,25,,16,0,0,2,0,0.0%,0,,0.0,0,39.6,8.5,0,0,0,8,4,2.0,14,23,1,4.2%
421,Sharrod Neasman\NeasSh00,ATL,29,cb,16,2,0,9,7,77.8%,91,13.0,10.1,0,108.8,13.7,61,30,3,0,0,1.0,1,27,2,6.9%
422,John Penisini\PeniJo00,DET,23,RDT,16,12,0,0,0,,0,,,0,,,0,0,0,0,0,1.0,1,35,3,7.9%
423,Sheldrick Redwine\RedwSh00,CLE,24,fs,15,3,1,8,6,75.0%,78,13.0,9.8,0,65.6,12.3,49,29,8,1,0,0.5,2,27,3,10.0%
424,Jerry Tillery\TillJe00,LAC,24,DE,16,11,0,2,1,50.0%,13,13.0,6.5,1,110.4,-4.5,-3,16,0,7,12,3.0,22,30,9,23.1%
425,Brandon Williams\WillBr02,BAL,31,NT,13,13,0,1,1,100.0%,6,6.0,6.0,0,91.7,2.0,2,4,0,3,1,0.0,4,33,0,0.0%
426,Derek Wolfe\WolfDe00,BAL,30,rde,14,8,0,0,0,,0,,,0,,,0,0,0,2,3,1.0,6,51,3,5.6%
427,Ricardo Allen\AlleRi00,ATL,29,SS,12,12,2,23,13,56.5%,278,21.4,12.1,3,102.9,18.0,223,55,4,0,0,0.0,0,25,1,3.8%
428,Adam Butler\ButlAd00,NWE,26,dt,15,4,0,0,0,,0,,,0,,,0,0,0,8,3,4.0,15,34,1,2.9%
429,Calais Campbell*\CampCa99,BAL,34,LDE,12,12,0,1,1,100.0%,-6,-6.0,-6.0,0,79.2,-4.0,-4,-2,0,3,5,4.0,13,28,6,17.6%
430,Samson Ebukam\EbukSa00,LAR,25,LOLB,16,14,0,1,0,0.0%,14,,14.0,0,79.2,-1.0,2,12,29,5,3,4.5,13,31,3,8.8%
431,Clelin Ferrell\FerrCl00,LVR,23,LDE,11,11,0,2,2,100.0%,29,14.5,14.5,0,118.7,-1.5,-3,32,0,10,8,2.0,21,27,3,10.0%
432,Phillip Gaines\GainPh00,HOU,29,cb,12,2,0,28,17,60.7%,300,17.6,10.7,5,136.9,12.4,210,90,0,0,0,0.0,0,24,1,4.0%
433,Adam Gotsis\GotsAd00,JAX,28,RDE,16,14,0,0,0,,0,,,0,,,0,0,0,2,3,0.0,5,37,5,11.9%
434,Everson Griffen\GrifEv99,2TM,33,,14,2,0,1,1,100.0%,21,21.0,21.0,0,118.7,0.0,0,21,5,9,7,6.0,23,33,6,15.4%
435,P.J. Hall\HallP.00,HOU,25,rde,10,9,0,1,1,100.0%,6,6.0,6.0,0,91.7,0.0,0,6,0,3,1,1.0,5,34,1,2.9%
436,Justin Hollins\HollJu00,LAR,24,,16,0,0,5,4,80.0%,59,14.8,11.8,0,115.8,9.8,34,25,34,0,2,3.0,5,28,1,3.4%
437,Chris Jones\JoneCh06,2TM,25,,9,3,0,31,23,74.2%,267,11.6,8.6,2,121.3,10.2,193,74,0,0,0,0.0,0,19,4,17.4%
438,Carl Lawson\LawsCa00,CIN,25,RDE,16,11,0,3,3,100.0%,28,9.3,9.3,0,105.6,3.3,10,18,5,11,26,5.5,44,36,2,5.3%
439,David Mayo\MayoDa00,NYG,27,ilb,11,2,0,10,10,100.0%,86,8.6,8.6,0,102.5,1.7,17,69,11,0,0,0.0,0,29,2,6.5%
440,Brennan Scarlett\ScarBr00,HOU,27,rolb,11,4,0,6,3,50.0%,23,7.7,3.8,0,59.7,-0.8,7,16,18,2,1,0.0,3,28,6,17.6%
441,M.J. Stewart\StewM.00,CLE,25,,16,0,2,21,14,66.7%,184,13.1,8.8,2,86.3,8.4,105,79,17,3,0,1.0,4,22,2,8.3%
442,Deionte Thompson\ThomDe06,ARI,23,fs,13,4,0,19,8,42.1%,84,10.5,4.4,2,90.7,9.2,26,58,3,0,1,0.0,1,27,5,15.6%
443,Tanner Vallejo\VallTa00,ARI,26,,16,0,0,8,4,50.0%,25,6.3,3.1,0,56.8,4.6,0,25,7,0,2,1.0,3,26,1,3.7%
444,Tyson Alualu\AluaTy99,PIT,33,nt,15,10,0,2,2,100.0%,43,21.5,21.5,0,118.7,-1.0,-2,45,0,2,4,2.0,8,38,5,11.6%
445,Corey Ballentine\BallCo00,2TM,24,,15,2,0,8,6,75.0%,79,13.2,9.9,1,145.3,9.0,60,19,2,1,0,0.0,1,20,1,4.8%
446,Tyus Bowser\BowsTy00,BAL,25,olb,16,2,3,15,10,66.7%,87,8.7,5.8,0,42.2,3.7,22,65,83,8,12,2.0,22,34,11,24.4%
447,Markus Golden\GoldMa00,2TM,29,,16,9,1,8,6,75.0%,19,3.2,2.4,0,37.5,-1.1,-22,41,71,10,15,4.5,30,33,3,8.3%
448,Dontae Johnson\JohnDo02,SFO,29,cb,14,3,0,28,19,67.9%,200,10.5,7.1,1,100.3,7.4,135,65,9,0,1,1.0,2,23,5,17.9%
449,Damontae Kazee\KazeDa00,ATL,27,ss,4,4,0,4,3,75.0%,54,18.0,13.5,0,116.7,16.3,48,6,4,0,0,0.0,0,20,2,9.1%
450,Shaq Lawson\LawsSh00,MIA,26,lolb,14,7,0,2,1,50.0%,6,6.0,3.0,0,56.2,8.0,8,-2,19,6,14,4.0,25,32,2,5.9%
451,Frankie Luvu\LuvuFr00,NYJ,24,,13,3,0,12,10,83.3%,106,10.6,8.8,1,131.2,4.8,53,53,27,3,2,2.0,7,25,6,19.4%
452,Kamal Martin\MartKa01,GNB,22,rilb,10,6,0,5,4,80.0%,51,12.8,10.2,0,109.2,2.2,15,36,12,1,1,1.0,3,24,3,11.1%
453,Raekwon McMillan\McMiRa02,LVR,25,ilb,16,4,0,7,5,71.4%,61,12.2,8.7,0,97.9,14.7,42,19,11,0,0,0.0,0,27,5,15.6%
454,Carl Nassib\NassCa00,LVR,27,lde,14,5,1,3,1,33.3%,12,12.0,4.0,0,6.9,6.0,11,1,0,6,6,2.5,15,28,7,20.0%
455,Isaac Rochell\RochIs00,LAC,25,rde,16,6,0,1,1,100.0%,14,14.0,14.0,0,118.7,-4.0,-4,18,0,5,1,2.5,9,29,3,9.4%
456,Shy Tuttle\TuttSh00,NOR,25,dt,13,3,0,0,0,,0,,,0,,,0,0,0,2,1,0.0,3,28,4,12.5%
457,Brent Urban\UrbaBr00,CHI,29,dt,16,8,0,0,0,,0,,,0,,,0,0,0,4,1,2.5,8,36,1,2.7%
458,Carlos Watkins\WatkCa00,HOU,27,LOLB,16,11,0,2,1,50.0%,5,5.0,2.5,0,56.2,-3.0,-4,9,0,3,0,2.0,5,27,1,3.6%
459,K'Waun Williams\WillKW00,SFO,29,cb,8,4,0,20,15,75.0%,83,5.5,4.2,0,81.9,3.5,31,52,26,2,0,2.0,4,22,3,12.0%
460,Ahkello Witherspoon\WithAh00,SFO,25,cb,11,4,1,32,19,59.4%,177,9.3,5.5,2,82.4,9.8,112,65,2,1,0,0.0,1,20,1,4.8%
461,Daryl Worley\WorlDa00,3TM,25,,10,5,0,18,12,66.7%,338,28.2,18.8,5,149.3,15.4,174,164,5,0,0,0.0,0,22,3,12.0%
462,Terrence Brooks\BrooTe00,NWE,28,ss,14,2,0,10,9,90.0%,160,17.8,16.0,0,118.7,15.6,96,64,10,0,1,0.0,1,23,3,11.5%
463,Devin Bush Jr.\BushDe01,PIT,22,lilb,5,5,0,22,14,63.6%,151,10.8,6.9,1,98.9,6.7,95,56,27,1,0,1.0,3,26,4,13.3%
464,Tevaughn Campbell\CampTe00,LAC,27,cb,14,4,1,31,20,64.5%,251,12.6,8.1,4,115.7,10.8,156,95,6,0,1,0.0,1,22,2,8.3%
465,L.J. Collier\CollLJ00,SEA,25,DE,16,16,0,1,1,100.0%,8,8.0,8.0,0,100.0,3.0,3,5,0,10,4,3.0,17,22,1,4.3%
466,Michael Danna\DannMi00,KAN,23,de,13,1,0,0,0,,0,,,0,,,0,0,10,3,3,2.5,9,25,3,10.7%
467,Todd Davis\DaviTo01,MIN,28,lb,11,6,0,22,17,77.3%,214,12.6,9.7,1,122.2,4.6,74,140,16,0,0,1.0,1,35,5,12.5%
468,Javon Hargrave\HargJa00,PHI,27,LDT,15,11,0,0,0,,0,,,0,,,0,0,0,9,2,4.5,17,38,4,9.5%
469,Jalyn Holmes\HolmJa01,MIN,24,lde,14,9,0,0,0,,0,,,0,,,0,0,1,8,4,0.0,12,36,3,7.7%
470,Dean Marlowe\MarlDe00,BUF,28,ss,15,4,2,13,9,69.2%,142,15.8,10.9,2,105.3,12.8,106,36,11,0,0,1.5,2,22,4,15.4%
471,Bilal Nichols\NichBi00,CHI,24,NT,16,16,1,4,2,50.0%,10,5.0,2.5,0,16.7,-3.5,-10,20,0,3,7,5.0,16,40,3,7.0%
472,Ifeadi Odenigbo\OdenIf00,MIN,26,LDE,15,15,0,1,1,100.0%,41,41.0,41.0,1,158.3,2.0,2,39,1,12,11,3.5,26,35,4,10.3%
473,Jamal Perry\WiltJo01,MIA,26,cb,13,1,0,7,5,71.4%,52,10.4,7.4,0,92.6,6.9,22,30,2,0,0,0.0,0,26,2,7.1%
474,Richard Sherman\SherRi00,SFO,32,lcb,5,5,1,29,21,72.4%,199,9.5,6.9,4,116.2,8.5,108,91,2,0,0,0.0,0,18,2,10.0%
475,Daniel Thomas\ThomDa07,JAX,22,ss,10,2,1,8,4,50.0%,25,6.3,3.1,0,17.2,8.9,6,19,7,0,0,0.0,0,18,2,10.0%
476,Jalen Thompson\ThomJa04,ARI,22,fs,5,4,0,12,8,66.7%,79,9.9,6.6,0,85.1,7.8,50,29,3,0,0,0.0,0,19,2,9.5%
477,Desmond Trufant\TrufDe00,DET,30,lcb,6,6,1,32,22,68.8%,259,11.8,8.1,3,111.3,9.7,173,86,1,0,0,1.0,1,20,5,20.0%
478,D.J. Wonnum\WonnDJ00,MIN,23,de,14,2,0,1,0,0.0%,0,,0.0,0,39.6,-1.0,0,0,3,4,6,3.0,14,24,5,17.2%
479,Angelo Blackson\BlacAn00,ARI,28,nt,16,9,0,0,0,,0,,,0,,,0,0,0,4,5,2.5,12,24,3,11.1%
480,Tyeler Davison\DaviTy01,ATL,28,RDT,16,15,0,0,0,,0,,,0,,,0,0,0,3,1,0.5,5,36,2,5.3%
481,Sam Franklin\FranSa00,CAR,24,ss,14,4,0,11,5,45.5%,55,11.0,5.0,1,91.1,12.0,49,6,3,0,0,1.0,1,23,4,14.8%
482,Randy Gregory\GregRa00,DAL,28,,10,0,0,0,0,,0,,,0,,,0,0,0,3,8,3.5,16,21,1,4.5%
483,Javelin Guidry\GuidJa01,NYJ,22,db,11,2,0,16,13,81.3%,127,9.8,7.9,1,120.6,6.1,87,40,5,0,1,0.0,1,22,1,4.3%
484,D.J. Hayden\HaydDJ00,JAX,30,cb,5,1,0,17,15,88.2%,158,10.5,9.3,1,125.0,6.3,89,69,12,0,1,0.0,1,18,4,18.2%
485,Marquis Haynes\HaynMa01,CAR,27,,15,0,0,4,3,75.0%,13,4.3,3.3,0,78.1,3.5,8,5,2,4,2,4.0,10,18,3,14.3%
486,B.J. Hill\HillB.00,NYG,25,,16,0,0,0,0,,0,,,0,,,0,0,0,3,2,1.0,6,32,1,3.0%
487,Malik Jackson\JackMa02,PHI,30,ldt,15,6,0,0,0,,0,,,0,,,0,0,0,5,10,2.5,18,28,2,6.7%
488,Jordan Jenkins\JenkJo01,NYJ,26,ROLB,12,12,0,4,2,50.0%,30,15.0,7.5,0,75.0,-2.3,-9,39,47,7,3,2.0,13,32,5,13.5%
489,Devon Kennard\KennDe00,ARI,29,olb,13,4,0,3,2,66.7%,37,18.5,12.3,0,109.0,2.7,5,32,60,2,6,3.0,11,19,2,9.5%
490,Javon Kinlaw\KinlJa00,SFO,23,LDT,14,12,1,0,0,,0,,,0,,,0,0,0,6,2,1.5,10,33,0,0.0%
491,Steve McLendon\McLeSt00,2TM,34,,15,6,0,0,0,,0,,,0,,,0,0,0,3,0,0.0,3,31,3,8.8%
492,Trent Murphy\MurpTr00,BUF,30,lde,10,9,0,3,3,100.0%,29,9.7,9.7,0,106.9,6.0,18,11,0,0,4,2.0,6,19,2,9.5%
493,Jacob Phillips\PhilJa01,CLE,21,olb,9,3,0,13,12,92.3%,108,9.0,8.3,0,101.3,2.6,27,81,7,1,1,0.0,2,25,1,3.8%
494,Jeremy Reaves\ReavJe00,WAS,24,fs,9,3,1,10,7,70.0%,98,14.0,9.8,0,61.7,16.1,84,14,5,1,0,1.0,2,25,2,7.4%
495,Danny Shelton\ShelDa01,DET,27,LDT,12,12,0,0,0,,0,,,0,,,0,0,0,1,3,1.0,5,37,6,14.0%
496,James Vaughters\VaugJa01,CHI,27,,14,0,0,5,4,80.0%,25,6.3,5.0,0,87.5,1.4,14,11,15,1,0,1.5,3,22,0,0.0%
497,K'Von Wallace\WallKV00,PHI,23,db,15,3,0,9,6,66.7%,53,8.8,5.9,0,82.2,3.1,16,37,6,0,0,0.0,0,21,2,8.7%
498,Brandon Watson\WatsBr01,JAX,25,cb,16,1,0,10,3,30.0%,31,10.3,3.1,0,40.0,10.4,3,28,4,1,0,0.0,1,24,3,11.1%
499,Armani Watts\WattAr00,KAN,24,ss,16,1,0,8,6,75.0%,66,11.0,8.3,2,138.5,5.6,41,25,2,0,0,0.0,0,17,4,19.0%
500,Oren Burks\BurkOr00,GNB,25,,16,0,0,5,5,100.0%,91,18.2,18.2,0,118.7,9.0,50,41,3,0,0,0.0,0,21,1,4.5%
501,Jadeveon Clowney\ClowJa00,TEN,27,lolb,8,8,0,2,1,50.0%,-2,-2.0,-1.0,0,56.2,-3.5,-4,2,10,5,6,0.0,11,19,4,17.4%
502,John Cominsky\ComiJo00,ATL,25,dt,13,1,0,1,1,100.0%,11,11.0,11.0,0,112.5,-7.0,-7,18,5,7,2,1.0,10,28,2,6.7%
503,Christian Covington\CoviCh00,CIN,27,RDT,16,14,0,1,1,100.0%,20,20.0,20.0,0,118.7,-3.0,-3,23,0,5,1,0.0,6,39,6,13.3%
504,Byron Cowart\CowaBy00,NWE,24,RDT,14,14,0,1,1,100.0%,2,2.0,2.0,0,79.2,-3.0,-3,5,0,2,2,1.0,5,27,0,0.0%
505,Zaire Franklin\FranZa00,IND,24,olb,16,2,0,2,2,100.0%,28,14.0,14.0,0,118.7,7.5,15,13,1,1,0,0.0,1,19,0,0.0%
506,Kristian Fulton\FultKr00,TEN,22,cb,6,2,1,16,11,68.8%,143,13.0,8.9,1,91.4,7.0,87,56,5,0,0,1.0,1,16,3,15.8%
507,Dennis Gardeck\GardDe01,ARI,26,,14,0,0,0,0,,0,,,0,,,0,0,16,2,3,7.0,12,16,0,0.0%
508,Kevin Givens\GiveKe01,SFO,23,dt,13,1,0,0,0,,0,,,0,,,0,0,0,4,2,1.0,7,19,0,0.0%
509,Bryce Hager\HageBr00,NYJ,28,ilb,10,2,0,11,10,90.9%,111,11.1,10.1,1,139.0,4.5,44,67,12,0,0,0.5,1,23,2,8.0%
510,DaVon Hamilton\HamiDa02,JAX,23,ldt,11,6,0,0,0,,0,,,0,,,0,0,7,2,4,1.0,7,30,3,9.1%
511,Shaun Dion Hamilton\DionSh00,WAS,25,olb,14,3,0,8,7,87.5%,84,12.0,10.5,0,110.4,7.0,31,53,1,0,1,0.0,1,21,2,8.7%
512,Harrison Hand\HandHa00,MIN,22,cb,14,1,1,20,11,55.0%,148,13.5,7.4,1,74.6,14.4,108,40,0,0,0,0.0,0,17,3,15.0%
513,Maurice Hurst Jr.\HursMa00,LVR,25,dt,11,3,0,1,1,100.0%,5,5.0,5.0,0,87.5,0.0,0,5,1,2,5,0.5,8,27,3,10.0%
514,Chris Jackson\JackCh01,TEN,22,cb,11,3,0,27,21,77.8%,229,10.9,8.5,1,114.4,9.0,126,103,8,0,0,0.0,0,24,4,14.3%
515,Quinton Jefferson\JeffQu00,BUF,27,dt,16,4,0,1,1,100.0%,2,2.0,2.0,0,79.2,-5.0,-5,7,0,2,4,3.0,9,23,3,11.5%
516,D.J. Jones\JoneD.01,SFO,25,RDT,14,14,0,0,0,,0,,,0,,,0,0,0,3,0,3.0,6,20,0,0.0%
517,Dean Lowry\LowrDe00,GNB,26,LDE,16,16,0,1,1,100.0%,-1,-1.0,-1.0,0,79.2,-2.0,-2,1,0,7,1,3.0,10,36,0,0.0%
518,Cassius Marsh\MarsCa00,3TM,28,,8,1,0,3,3,100.0%,25,8.3,8.3,0,101.4,3.3,10,15,6,0,1,0.0,1,16,6,27.3%
519,Xavier McKinney\McKiXa00,NYG,21,db,6,4,1,13,12,92.3%,96,8.0,7.4,0,65.4,5.9,48,48,7,0,0,0.0,0,25,1,3.8%
520,Robert Quinn\QuinRo00,CHI,30,ROLB,15,13,0,3,3,100.0%,35,11.7,11.7,0,115.3,1.7,5,30,11,8,6,2.0,16,20,3,13.0%
521,Tershawn Wharton\WharTe00,KAN,22,dt,16,1,0,0,0,,0,,,0,,,0,0,0,4,2,2.0,8,27,3,10.0%
522,Jahleel Addae\AddaJa00,LAC,30,,11,0,1,11,8,72.7%,66,8.3,6.0,0,49.8,9.0,35,31,1,0,0,0.5,1,21,3,12.5%
523,Shilique Calhoun\CalhSh00,NWE,28,,10,0,0,4,4,100.0%,26,6.5,6.5,0,93.7,1.8,7,19,21,4,1,2.0,8,18,5,21.7%
524,Carter Coughlin\CougCa00,NYG,23,olb,14,2,0,4,3,75.0%,29,9.7,7.3,0,94.8,5.3,18,11,7,3,1,1.0,5,17,2,10.5%
525,Tyrel Dodson\DodsTy01,BUF,22,mlb,10,2,0,14,11,78.6%,69,6.3,4.9,0,87.2,5.6,23,46,16,0,0,1.0,1,22,4,15.4%
526,Troy Dye\DyexTr00,MIN,24,llb,11,5,0,12,8,66.7%,60,7.5,5.0,1,106.2,4.3,5,55,6,0,1,0.0,1,28,3,9.7%
527,Brandon Facyson\FacyBr00,LAC,26,,13,0,0,12,9,75.0%,58,6.4,4.8,0,84.7,8.7,51,7,0,0,0,0.0,0,16,0,0.0%
528,Matthias Farley\FarlMa00,NYJ,28,fs,16,2,0,12,3,25.0%,22,7.3,1.8,2,79.2,10.1,8,14,15,0,1,0.0,1,24,4,14.3%
529,Rudy Ford\FordRu00,PHI,26,ss,8,1,0,6,3,50.0%,27,9.0,4.5,0,62.5,4.8,5,22,0,0,0,0.0,0,15,1,6.3%
530,Porter Gustin\GustPo01,CLE,23,de,14,3,0,1,0,0.0%,5,,5.0,0,47.9,5.0,0,5,1,5,2,0.0,7,30,3,9.1%
531,Davontae Harris\HarrDa05,2TM,25,,11,2,0,21,11,52.4%,188,17.1,9.0,1,98.9,13.6,152,36,0,0,0,0.0,0,14,1,6.7%
532,Dane Jackson\JackDa02,BUF,24,cb,5,2,1,21,13,61.9%,155,11.9,7.4,2,96.3,10.0,98,57,0,0,0,0.0,0,15,1,6.3%
533,Justin Layne\LaynJu00,PIT,22,,16,0,0,12,10,83.3%,127,12.7,10.6,1,138.5,7.8,72,55,0,0,0,0.0,0,22,5,18.5%
534,Jacob Martin\MartJa02,HOU,25,de,14,1,0,10,6,60.0%,52,8.7,5.2,0,73.7,5.7,18,34,24,1,0,3.0,4,20,4,16.7%
535,Mike Pennel\PennMi00,KAN,29,nt,14,1,0,2,2,100.0%,10,5.0,5.0,1,127.1,1.0,2,8,0,0,1,0.0,1,29,1,3.3%
536,Sheldon Rankins\RankSh00,NOR,26,dt,12,1,0,1,0,0.0%,0,,0.0,0,39.6,-4.0,0,0,0,3,7,1.5,12,20,2,9.1%
537,Alton Robinson\RobiAl03,SEA,22,de,14,1,0,1,1,100.0%,5,5.0,5.0,0,87.5,4.0,4,1,2,6,1,4.0,11,22,3,12.0%
538,Rashard Robinson\RobiRa00,DAL,25,cb,4,3,0,16,13,81.3%,106,8.2,6.6,2,133.9,6.2,75,31,1,0,0,0.0,0,20,1,4.8%
539,Bravvion Roy\RoyxBr00,CAR,24,ldt,15,9,0,1,1,100.0%,1,1.0,1.0,0,79.2,-8.0,-8,9,0,3,4,1.0,8,29,5,14.7%
540,D.J. Swearinger\SweaDJ00,NOR,29,,11,0,0,8,6,75.0%,89,14.8,11.1,0,110.9,15.5,77,12,2,0,0,0.0,0,14,0,0.0%
541,Kindle Vildor\VildKi00,CHI,23,cb,16,1,0,17,12,70.6%,127,10.6,7.5,2,131.2,8.6,96,31,0,0,0,0.0,0,17,0,0.0%
542,Justin Zimmer\ZimmJu00,BUF,28,,12,0,0,0,0,,0,,,0,,,0,0,0,2,6,1.0,9,21,3,12.5%
543,Dakota Allen\AlleDa01,JAX,25,olb,13,2,0,13,10,76.9%,42,4.2,3.2,0,79.6,1.8,-23,65,4,0,1,0.0,1,18,2,10.0%
544,Austin Bryant\BryaAu00,DET,24,de,6,1,0,0,0,,0,,,0,,,0,0,0,2,1,0.0,3,17,1,5.6%
545,K'Lavon Chaisson\ChaiKL00,JAX,21,de,16,3,0,2,2,100.0%,4,2.0,2.0,0,79.2,-0.5,-1,5,6,4,7,1.0,12,19,3,13.6%
546,Doug Costin\CostDo00,JAX,23,rdt,12,9,0,2,2,100.0%,15,7.5,7.5,0,97.9,-5.0,-10,25,7,2,1,0.0,3,32,0,0.0%
547,Vinny Curry\CurrVi00,PHI,32,de,11,3,0,0,0,,0,,,0,,,0,0,0,3,6,3.0,13,16,3,15.8%
548,Marcus Davenport\DaveMa00,NOR,24,de,11,1,0,0,0,,0,,,0,,,0,0,1,9,6,1.5,17,21,0,0.0%
549,Brandon Dunn\DunnBr00,HOU,28,NT,13,13,0,0,0,,0,,,0,,,0,0,0,3,3,0.0,6,26,0,0.0%
550,Trey Flowers\FlowTr00,DET,27,lde,7,5,0,1,1,100.0%,11,11.0,11.0,0,112.5,2.0,2,9,0,3,2,2.0,7,22,2,8.3%
551,Dante Fowler\FowlDa00,ATL,26,RDE,14,13,0,5,3,60.0%,8,2.7,1.6,0,64.6,2.4,3,5,32,14,5,3.0,23,23,8,25.8%
552,Da'Shawn Hand\HandDa00,DET,25,de,10,1,0,0,0,,0,,,0,,,0,0,0,3,0,0.0,3,19,1,5.0%
553,DeAndre Houston-Carson\HousDe00,CHI,27,,16,0,1,12,9,75.0%,117,13.0,9.8,0,70.5,9.9,81,36,0,0,0,0.0,0,15,1,6.3%
554,Bryce Huff\HuffBr00,NYJ,22,,14,0,0,4,4,100.0%,13,3.3,3.3,0,80.2,1.3,5,8,9,4,2,2.0,8,16,1,5.9%
555,Michael Jacquet\JacqMi00,PHI,23,db,7,2,0,28,20,71.4%,380,19.0,13.6,2,137.5,12.0,188,192,2,0,0,1.0,2,18,1,5.3%
556,Joshua Kalu\KaluJo00,TEN,25,,15,0,0,2,2,100.0%,64,32.0,32.0,0,118.7,30.0,60,4,0,0,0,0.0,0,16,0,0.0%
557,Kingsley Keke\KekeKi00,GNB,24,rde,15,9,0,1,1,100.0%,15,15.0,15.0,0,118.7,-4.0,-4,19,0,4,4,4.0,12,21,3,12.5%
558,Hercules Mata'afa\MataHe00,MIN,25,dt,13,1,0,0,0,,0,,,0,,,0,0,9,5,2,2.5,11,24,5,17.2%
559,Tyler Matakevich\MataTy00,BUF,28,,16,0,0,8,6,75.0%,50,8.3,6.3,0,90.6,4.9,23,27,7,1,0,0.0,1,23,0,0.0%
560,Whitney Mercilus\MercWh00,HOU,30,LOLB,13,12,0,7,5,71.4%,56,11.2,8.0,0,94.9,1.4,-5,61,36,3,3,4.0,10,21,5,19.2%
561,Tim Settle\SettTi00,WAS,23,dt,16,1,0,0,0,,0,,,0,,,0,0,3,3,2,5.0,10,19,2,9.5%
562,Armon Watts\WattAr01,MIN,24,,16,0,0,0,0,,0,,,0,,,0,0,0,3,1,0.5,5,31,2,6.1%
563,Joejuan Williams\WillJo13,NWE,23,,15,0,0,11,6,54.5%,136,22.7,12.4,1,129.4,15.4,85,51,1,0,0,0.0,0,18,0,0.0%
564,Nick Williams\WillNi01,DET,30,DT,14,13,0,0,0,,0,,,0,,,0,0,0,7,2,1.0,10,23,1,4.2%
565,Shawn Williams\WillSh02,CIN,29,,13,0,0,5,4,80.0%,58,14.5,11.6,0,115.0,7.6,30,28,11,0,0,0.0,0,16,1,5.9%
566,Olasunkanmi Adeniyi\AdenOl00,PIT,23,,15,1,0,1,1,100.0%,5,5.0,5.0,0,87.5,5.0,5,0,14,4,0,0.0,4,16,1,5.9%
567,Lorenzo Carter\CartLo01,NYG,25,lolb,5,5,0,2,2,100.0%,22,11.0,11.0,1,152.1,0.0,0,22,25,3,3,1.0,7,15,1,6.3%
568,Sean Davis\DaviSe00,PIT,27,fs,16,1,0,4,3,75.0%,37,12.3,9.3,0,103.1,8.3,33,4,0,0,0,0.0,0,12,0,0.0%
569,Mario Edwards\EdwaMa01,CHI,26,,15,0,0,0,0,,0,,,0,,,0,0,0,2,3,4.0,9,17,0,0.0%
570,A.J. Epenesa\EpenAJ00,BUF,22,de,14,1,0,1,1,100.0%,19,19.0,19.0,0,118.7,8.0,8,11,1,3,3,1.0,7,14,0,0.0%
571,Neville Gallimore\GallNe00,DAL,23,nt,14,9,0,1,1,100.0%,10,10.0,10.0,0,108.3,7.0,7,3,0,2,3,0.5,6,28,1,3.4%
572,Carl Granderson\GranCa01,NOR,24,,15,0,0,0,0,,0,,,0,,,0,0,1,0,5,5.0,11,14,4,22.2%
573,Darius Harris\HarrDa07,KAN,24,ilb,4,2,0,13,11,84.6%,157,14.3,12.1,1,142.6,5.4,70,87,7,0,0,0.0,0,14,3,17.6%
574,Noah Igbinoghene\IgbiNo00,MIA,21,cb,16,2,0,25,14,56.0%,295,21.1,11.8,3,137.5,15.9,216,79,0,0,0,0.0,0,13,4,23.5%
575,Darryl Johnson\JohnDa10,BUF,23,,15,0,0,2,1,50.0%,3,3.0,1.5,0,56.2,7.0,0,3,0,2,2,1.0,5,14,1,6.7%
576,Dion Jordan\JordDi00,SFO,30,de,13,1,0,0,0,,0,,,0,,,0,0,0,2,2,3.0,8,17,3,15.0%
577,Zach Kerr\KerrZa00,CAR,30,,13,4,0,2,2,100.0%,20,10.0,10.0,0,108.3,-3.5,-7,27,0,3,6,2.0,13,32,0,0.0%
578,Sean Lee\LeexSe99,DAL,34,olb,9,2,0,10,8,80.0%,73,9.1,7.3,0,97.1,6.6,48,25,3,0,1,0.0,1,20,5,20.0%
579,Ryan Lewis\LewiRy01,NYG,26,cb,5,3,0,19,10,52.6%,169,16.9,8.9,0,83.0,11.1,123,46,1,0,0,0.0,0,13,1,7.1%
580,Justin Madubuike\MaduJu00,BAL,23,dt,10,3,0,0,0,,0,,,0,,,0,0,0,0,1,1.0,2,19,0,0.0%
581,Sherrick McManis\McMaSh99,CHI,33,,11,0,1,1,1,100.0%,31,31.0,31.0,0,79.2,16.0,16,15,0,0,0,0.0,0,12,0,0.0%
582,Anthony Nelson\NelsAn01,TAM,23,olb,16,1,0,4,4,100.0%,41,10.3,10.3,0,109.4,-0.5,-2,43,34,6,6,1.0,13,18,3,14.3%
583,Charles Omenihu\OmenCh00,HOU,23,de,15,5,0,1,1,100.0%,28,28.0,28.0,0,118.7,-2.0,-2,30,0,5,12,4.0,21,17,3,15.0%
584,Harrison Phillips\PhilHa00,BUF,24,dt,12,3,0,0,0,,0,,,0,,,0,0,0,4,4,0.0,8,18,1,5.3%
585,John Reid\ReidJo00,HOU,24,cb,13,1,0,11,8,72.7%,85,10.6,7.7,1,125.2,7.4,41,44,7,1,0,0.0,1,13,2,13.3%
586,Patrick Robinson\RobiPa99,NOR,33,cb,12,4,2,25,16,64.0%,240,15.0,9.6,1,75.4,14.0,190,50,0,0,0,0.0,0,14,0,0.0%
587,Nick Scott\ScotNi01,LAR,25,,15,0,0,7,6,85.7%,52,8.7,7.4,0,97.6,11.6,30,22,3,0,0,0.0,0,16,1,5.9%
588,Vernon Scott\ScotVe00,GNB,23,,15,0,0,6,4,66.7%,22,5.5,3.7,0,72.9,3.2,14,8,3,0,0,1.0,1,13,1,7.1%
589,Tye Smith\SmitTy01,TEN,27,cb,12,3,0,20,15,75.0%,169,11.3,8.5,2,133.1,10.3,131,38,1,0,0,0.0,0,15,0,0.0%
590,Tedric Thompson\ThomTe00,KAN,25,,8,0,0,8,7,87.5%,52,7.4,6.5,0,93.7,2.8,25,27,8,0,0,0.0,0,13,3,18.8%
591,Xavier Williams\WillXa00,2TM,28,,12,3,0,1,0,0.0%,0,,0.0,0,39.6,3.0,0,0,0,1,0,1.0,2,24,3,11.1%
592,Ross Blacklock\BlacRo00,HOU,22,dt,15,1,0,1,1,100.0%,-1,-1.0,-1.0,0,79.2,-4.0,-4,3,0,0,2,0.0,2,14,2,12.5%
593,Taven Bryan\BryaTa00,JAX,24,ldt,16,8,0,0,0,,0,,,0,,,0,0,0,2,5,0.5,8,18,0,0.0%
594,Joe Giles-Harris\GileJo01,JAX,23,lb,9,3,0,3,3,100.0%,18,6.0,6.0,0,91.7,3.3,10,8,22,0,4,1.0,5,20,1,4.8%
595,Davon Godchaux\GodcDa00,MIA,26,nt,5,5,0,0,0,,0,,,0,,,0,0,0,1,2,0.0,3,16,0,0.0%
596,Jonathan Greenard\GreeJo04,HOU,23,olb,13,1,0,7,6,85.7%,55,9.2,7.9,0,99.4,2.7,23,32,24,0,2,1.0,3,19,5,20.8%
597,Anfernee Jennings\JennAn00,NWE,23,olb,14,4,0,5,4,80.0%,30,7.5,6.0,0,91.7,2.4,12,18,15,1,1,0.0,2,20,2,9.1%
598,Arden Key\KeyxAr00,LVR,24,,14,0,0,3,2,66.7%,8,4.0,2.7,0,70.1,-1.0,-3,11,0,5,11,0.0,16,15,3,16.7%
599,Kevin Minter\MintKe00,TAM,30,ilb,16,1,0,10,9,90.0%,72,8.0,7.2,2,136.2,4.2,26,46,8,0,0,0.0,0,15,3,16.7%
600,Efe Obada\ObadEf00,CAR,28,,16,1,0,0,0,,0,,,0,,,0,0,1,5,9,5.5,21,18,4,18.2%
601,Corey Peters\PeteCo00,ARI,32,nt,9,9,0,1,0,0.0%,0,,0.0,0,39.6,-2.0,0,0,0,1,2,2.0,5,15,1,6.3%
602,Jordan Phillips\PhilJo01,ARI,28,rdt,9,9,0,1,1,100.0%,15,15.0,15.0,0,118.7,2.0,2,13,0,2,2,2.0,6,11,3,21.4%
603,Mike Purcell\PurcMi00,DEN,29,nt,6,6,0,0,0,,0,,,0,,,0,0,0,1,0,1.0,2,15,1,6.3%
604,Josiah Scott\ScotJo00,JAX,21,,6,0,0,7,6,85.7%,77,12.8,11.0,0,112.5,11.7,52,25,2,0,0,0.0,0,11,0,0.0%
605,Jabaal Sheard\SheaJa00,2TM,31,,10,3,0,3,3,100.0%,5,1.7,1.7,0,79.2,1.0,3,2,0,5,4,1.5,12,19,1,5.0%
606,Kevin Strong\StroKe00,DET,24,dt,6,1,0,0,0,,0,,,0,,,0,0,0,0,1,1.0,2,15,2,11.8%
607,Adarius Taylor\GlanAd00,CAR,30,mlb,13,2,0,9,8,88.9%,67,8.4,7.4,1,134.7,4.6,33,34,1,0,0,0.0,0,19,2,9.5%
608,Tramon Williams\WillTr99,BAL,37,,6,0,0,15,9,60.0%,102,11.3,6.8,1,102.6,7.2,59,43,14,0,2,0.0,2,14,1,6.7%
609,Tashawn Bower\BoweTa00,NWE,25,de,7,3,0,1,0,0.0%,0,,0.0,0,39.6,2.0,0,0,0,4,0,0.0,4,11,1,8.3%
610,Shaun Bradley\BradSh00,PHI,23,,15,0,0,1,1,100.0%,7,7.0,7.0,0,95.8,-3.0,-3,10,0,0,0,0.0,0,15,2,11.8%
611,Malcom Brown\BrowMa01,NOR,26,RDT,13,13,0,0,0,,0,,,0,,,0,0,1,1,1,1.0,3,27,1,3.6%
612,Myles Bryant\BryaMy01,NWE,22,,9,0,1,11,6,54.5%,65,10.8,5.9,1,64.6,8.1,36,29,6,0,0,0.0,0,12,1,7.7%
613,Vernon Butler\ButlVe00,BUF,26,ldt,14,9,0,0,0,,0,,,0,,,0,0,0,2,2,0.0,4,18,0,0.0%
614,Ross Cockrell\CockRo00,TAM,29,cb,12,2,0,21,16,76.2%,135,8.4,6.4,1,108.2,6.0,49,86,8,0,1,0.0,1,11,2,15.4%
615,Adrian Colbert\ColbAd00,NYG,27,fs,6,2,0,5,4,80.0%,76,19.0,15.2,1,158.3,16.2,66,10,0,0,0,0.0,0,13,0,0.0%
616,Trevon Coley\ColeTr01,ARI,26,dt,6,2,0,1,1,100.0%,-3,-3.0,-3.0,0,79.2,-6.0,-6,3,0,0,1,1.0,2,14,1,6.7%
617,William Compton\CompWi00,TEN,31,ilb,12,1,0,7,4,57.1%,63,15.8,9.0,1,126.8,2.7,12,51,2,0,0,0.0,0,18,3,14.3%
618,Mike Ford\FordMi01,DET,25,cb,9,1,0,6,5,83.3%,38,7.6,6.3,0,93.1,10.7,30,8,0,0,0,0.0,0,12,2,14.3%
619,Greg Gaines\GainGr00,LAR,24,,16,0,0,1,1,100.0%,10,10.0,10.0,0,108.3,4.0,4,6,0,1,1,1.5,4,18,1,5.3%
620,Yetur Gross-Matos\GrosYe00,CAR,22,rde,12,7,0,0,0,,0,,,0,,,0,0,0,5,4,2.5,12,24,1,4.0%
621,Antonio Hamilton\HamiAn01,KAN,27,,16,0,0,9,8,88.9%,131,16.4,14.6,1,155.8,10.9,87,44,7,1,1,0.0,2,12,2,14.3%
622,Myles Hartsfield\HartMy00,CAR,23,,16,0,0,13,8,61.5%,90,11.3,6.9,0,82.2,10.5,37,53,4,0,0,0.0,0,14,2,12.5%
623,Mike Hughes\HughMi00,MIN,23,cb,4,2,0,16,12,75.0%,157,13.1,9.8,1,126.3,8.4,93,64,1,0,0,0.0,0,13,4,23.5%
624,Joel Iyiegbuniwe\IyieJo00,CHI,25,,16,0,0,2,1,50.0%,1,1.0,0.5,1,95.8,4.0,1,0,0,0,0,0.0,0,12,0,0.0%
625,Adoree' Jackson\JackAd00,TEN,25,,3,2,0,16,13,81.3%,152,11.7,9.5,3,145.8,12.2,127,25,1,0,0,0.0,0,12,3,20.0%
626,Khalid Kareem\KareKh00,CIN,22,,16,0,0,1,1,100.0%,8,8.0,8.0,0,100.0,2.0,2,6,1,2,1,1.0,4,19,1,5.0%
627,Ryan Kerrigan\KerrRy00,WAS,32,de,16,1,0,4,3,75.0%,29,9.7,7.3,0,94.8,1.0,5,24,2,7,0,5.5,13,17,3,15.0%
628,Siran Neal\NealSi00,BUF,26,,16,0,0,9,6,66.7%,49,8.2,5.4,0,80.3,8.6,30,19,4,0,1,0.0,1,13,1,7.1%
629,Hardy Nickerson\NickHa02,MIN,26,ilb,14,1,1,3,1,33.3%,64,64.0,21.3,0,42.4,10.0,26,38,4,0,0,0.0,0,14,0,0.0%
630,Keisean Nixon\NixoKe00,LVR,23,cb,15,1,0,14,10,71.4%,167,16.7,11.9,1,135.1,10.6,102,65,0,0,1,0.0,1,14,2,12.5%
631,Alex Okafor\OkafAl00,KAN,29,,11,0,0,4,2,50.0%,35,17.5,8.8,0,80.2,7.5,27,8,7,4,6,3.0,15,16,2,11.1%
632,Jalen Reeves-Maybin\ReevJa00,DET,25,,16,0,0,1,1,100.0%,7,7.0,7.0,0,95.8,-4.0,-4,11,2,0,0,0.0,0,10,1,9.1%
633,Hassan Ridgeway\RidgHa00,PHI,26,,7,0,0,0,0,,0,,,0,,,0,0,0,1,0,1.0,2,11,0,0.0%
634,Duke Shelley\ShelDu00,CHI,24,cb,11,2,0,20,16,80.0%,167,10.4,8.4,1,118.1,7.6,94,73,5,0,0,0.0,0,16,1,5.9%
635,Damion Square\SquaDa00,LAC,31,nt,16,1,0,0,0,,0,,,0,,,0,0,0,0,1,1.0,2,20,3,13.0%
636,Vincent Taylor\TaylVi00,CLE,26,,15,1,0,1,0,0.0%,0,,0.0,0,39.6,0.0,0,0,0,1,1,0.0,2,12,2,14.3%
637,DeMarcus Walker\WalkDe03,DEN,26,de,13,4,0,1,1,100.0%,18,18.0,18.0,0,118.7,0.0,0,18,0,3,1,4.5,9,18,2,10.0%
638,Brandon Wilson\WilsBr01,CIN,26,,15,0,0,3,2,66.7%,66,33.0,22.0,0,109.7,17.7,42,24,6,0,0,0.0,0,13,0,0.0%
639,Josh Woods\WoodJo02,CHI,24,,15,0,0,5,4,80.0%,42,10.5,8.4,1,141.2,10.4,29,13,0,0,0,0.0,0,14,0,0.0%
640,Allen Bailey\BailAl00,ATL,31,,16,4,0,0,0,,0,,,0,,,0,0,0,3,3,1.5,8,15,1,6.3%
641,Cam Brown\BrowCa01,NYG,22,,15,0,0,1,1,100.0%,16,16.0,16.0,0,118.7,4.0,4,12,8,1,3,0.0,4,12,2,14.3%
642,Maliek Collins\CollMa00,LVR,25,RDT,12,11,0,0,0,,0,,,0,,,0,0,0,6,1,0.0,7,15,0,0.0%
643,John Franklin-Myers\FranJo02,NYJ,24,de,15,2,0,1,1,100.0%,4,4.0,4.0,1,122.9,-1.0,-1,5,0,9,11,3.0,23,19,6,24.0%
644,J.T. Gray\GrayJ.00,NOR,24,,16,0,0,1,0,0.0%,0,,0.0,0,39.6,10.0,0,0,0,0,0,0.0,0,8,0,0.0%
645,Charles Harris\HarrCh03,ATL,25,olb,13,1,0,6,4,66.7%,36,9.0,6.0,0,82.6,1.5,1,35,5,3,2,3.0,8,18,2,10.0%
646,Jaylinn Hawkins\HawkJa00,ATL,23,fs,12,2,0,7,5,71.4%,96,19.2,13.7,0,113.7,7.4,56,40,5,0,0,0.5,1,13,2,13.3%
647,Lano Hill\HillDe02,SEA,25,,2,0,0,7,6,85.7%,84,14.0,12.0,0,116.7,11.0,73,11,1,0,0,0.0,0,10,1,9.1%
648,Khaleke Hudson\HudsKh00,WAS,23,olb,16,2,0,3,2,66.7%,9,4.5,3.0,0,70.1,2.0,1,8,0,0,1,0.0,1,14,0,0.0%
649,Austin Johnson\JohnAu01,NYG,26,,16,0,0,0,0,,0,,,0,,,0,0,0,2,0,1.0,2,18,0,0.0%
650,Tyler Lancaster\LancTy00,GNB,26,,15,3,0,0,0,,0,,,0,,,0,0,0,0,0,0.0,0,23,2,8.0%
651,Blake Lynch\LyncBl00,MIN,23,lb,4,1,0,3,2,66.7%,53,26.5,17.7,0,109.7,7.3,18,35,4,1,0,0.0,1,12,0,0.0%
652,Josh Metellus\MeteJo00,MIN,22,,15,0,0,1,1,100.0%,7,7.0,7.0,1,135.4,7.0,7,0,0,0,0,0.0,0,9,0,0.0%
653,Ogbonnia Okoronkwo\OkorOg00,LAR,25,,10,0,0,1,1,100.0%,7,7.0,7.0,0,95.8,7.0,7,0,14,2,2,1.0,4,12,0,0.0%
654,D.J. Reader\ReadD.00,CIN,26,ldt,5,5,0,0,0,,0,,,0,,,0,0,0,0,1,0.0,1,19,2,9.5%
655,Edmond Robinson\RobiEd00,ATL,28,,13,0,0,1,0,0.0%,0,,0.0,0,39.6,-5.0,0,0,5,0,1,0.0,1,15,0,0.0%
656,Nathan Shepherd\ShepNa00,NYJ,27,dt,14,3,0,0,0,,0,,,0,,,0,0,0,1,5,2.5,9,17,1,5.6%
657,Andre Smith\SmitAn04,BUF,23,,12,0,0,5,5,100.0%,25,5.0,5.0,0,87.5,1.8,9,16,0,0,0,0.0,0,9,1,10.0%
658,James Smith-Williams\SmitJa08,WAS,23,,14,0,0,1,1,100.0%,-1,-1.0,-1.0,0,79.2,-7.0,-7,6,0,0,1,0.5,2,10,0,0.0%
659,Michael Thomas\ThomMi02,HOU,30,,9,0,0,9,6,66.7%,47,7.8,5.2,0,79.4,3.2,3,44,14,1,0,0.0,1,16,0,0.0%
660,Jaylen Watkins\WatkJa01,LAC,29,ss,3,1,0,3,1,33.3%,31,31.0,10.3,0,72.9,15.7,10,21,0,0,0,0.0,0,8,1,11.1%
661,Josh Allen\AlleJo03,JAX,23,lde,8,7,0,0,0,,0,,,0,,,0,0,0,5,8,2.5,16,13,2,13.3%
662,Luq Barcoo\BarcLu00,JAX,22,cb,3,1,0,16,11,68.8%,146,13.3,9.1,2,137.0,10.8,109,37,0,0,0,0.0,0,10,3,23.1%
663,Zack Baun\BaunZa00,NOR,24,olb,15,3,0,2,2,100.0%,1,0.5,0.5,0,79.2,-1.0,-2,3,5,0,0,0.0,0,12,2,14.3%
664,Tony Brown\BrowTo01,CIN,25,cb,13,1,0,15,7,46.7%,88,12.6,5.9,1,87.6,13.4,51,37,1,0,0,0.0,0,13,1,7.1%
665,Isaiah Buggs\BuggIs00,PIT,24,de,10,1,0,0,0,,0,,,0,,,0,0,0,0,1,0.0,1,11,0,0.0%
666,Terrell Burgess\BurgTe00,LAR,22,,7,0,0,7,4,57.1%,30,7.5,4.3,0,67.6,5.3,26,4,0,0,0,0.0,0,8,0,0.0%
667,Jurrell Casey\CaseJu00,DEN,31,,3,3,0,0,0,,0,,,0,,,0,0,0,1,2,0.0,3,14,1,6.7%
668,Anthony Chickillo\ChicAn00,DEN,28,,11,0,0,4,2,50.0%,48,24.0,12.0,0,93.7,5.3,8,40,7,0,0,1.0,1,11,2,15.4%
669,Tyrone Crawford\CrawTy00,DAL,31,de,16,3,0,0,0,,0,,,0,,,0,0,0,4,2,2.0,8,14,2,12.5%
670,Mike Daniels\DaniMi00,CIN,31,LDT,11,11,0,0,0,,0,,,0,,,0,0,0,0,1,0.0,1,17,0,0.0%
671,Tae Davis\DaviTa00,CLE,24,,13,0,0,2,1,50.0%,8,8.0,4.0,0,60.4,10.0,3,5,0,0,0,0.0,0,7,0,0.0%
672,Nick Dzubnar\DzubNi00,TEN,29,,16,0,0,0,0,,0,,,0,,,0,0,1,0,0,0.0,0,14,0,0.0%
673,Rasheem Green\GreeRa01,SEA,23,,10,0,0,1,1,100.0%,1,1.0,1.0,0,79.2,-2.0,-2,3,0,6,4,2.0,12,10,1,9.1%
674,Ka'dar Hollman\HollKa00,GNB,26,cb,14,1,0,17,7,41.2%,63,9.0,3.7,0,51.8,6.4,32,31,0,0,0,0.0,0,10,1,9.1%
675,Margus Hunt\HuntMa00,2TM,33,,13,1,0,1,1,100.0%,2,2.0,2.0,0,79.2,3.0,3,-1,0,1,3,1.0,5,9,2,18.2%
676,John Jenkins\JenkJo00,CHI,31,,11,0,0,0,0,,0,,,0,,,0,0,0,1,1,0.0,2,21,1,4.5%
677,Isaiah Johnson\JohnIs02,LVR,25,,14,0,0,21,13,61.9%,148,11.4,7.0,2,114.8,10.9,104,44,3,0,0,0.0,0,13,3,18.8%
678,Thakarius Keyes\KeyeTh00,KAN,23,cb,8,1,0,6,5,83.3%,68,13.6,11.3,0,113.9,18.0,37,31,0,0,0,0.0,0,8,1,11.1%
679,Rashard Lawrence\LawrRa01,ARI,22,nt,9,1,0,0,0,,0,,,0,,,0,0,0,3,0,0.0,3,9,1,10.0%
680,Fabian Moreau\MoreFa00,WAS,26,cb,16,1,2,11,6,54.5%,110,18.3,10.0,1,79.9,12.6,65,45,1,1,0,0.0,1,9,1,10.0%
681,Rakeem Nunez-Roches\NuneRa00,TAM,27,NT,16,11,0,3,1,33.3%,7,7.0,2.3,0,42.4,-0.3,3,4,18,0,3,0.0,3,20,0,0.0%
682,Dorian O'Daniel\ODanDo00,KAN,26,,11,0,0,0,0,,0,,,0,,,0,0,2,0,0,1.0,1,9,0,0.0%
683,Kyle Phillips\PhilKy00,NYJ,23,de,7,3,0,0,0,,0,,,0,,,0,0,0,2,1,0.0,3,11,0,0.0%
684,James Pierre\PierJa01,PIT,24,,16,0,0,1,1,100.0%,-1,-1.0,-1.0,0,79.2,-1.0,-1,0,0,0,0,0.0,0,10,0,0.0%
685,LaRoy Reynolds\ReynLa00,ATL,30,,16,0,0,2,1,50.0%,11,11.0,5.5,0,66.7,6.0,6,5,3,0,0,0.0,0,12,0,0.0%
686,Curtis Riley\RileCu00,2TM,28,,6,1,0,7,5,71.4%,50,10.0,7.1,1,131.0,4.3,14,36,5,0,0,0.0,0,10,2,16.7%
687,Malcolm Roach\RoacMa01,NOR,22,,9,0,0,1,1,100.0%,34,34.0,34.0,0,118.7,-2.0,-2,36,0,2,2,0.0,4,16,0,0.0%
688,Craig Robertson\RobeCr00,NOR,32,,16,0,0,2,1,50.0%,8,8.0,4.0,0,60.4,3.5,1,7,2,0,0,0.0,0,7,2,22.2%
689,Roy Robertson-Harris\RobeRo00,CHI,27,lde,8,6,0,0,0,,0,,,0,,,0,0,0,0,6,0.0,6,10,1,9.1%
690,Davion Taylor\TaylDa01,PHI,22,olb,12,1,0,3,2,66.7%,38,19.0,12.7,0,109.7,10.7,30,8,0,0,0,0.0,0,10,0,0.0%
691,Josh Uche\UcheJo00,NWE,22,olb,9,1,0,3,2,66.7%,6,3.0,2.0,1,109.7,2.3,7,-1,8,2,7,1.0,10,9,0,0.0%
692,Jihad Ward\WardJi02,BAL,26,,10,0,0,0,0,,0,,,0,,,0,0,5,3,5,3.0,11,16,1,5.9%
693,Charles Washington\WashCh01,ARI,27,,15,0,0,2,1,50.0%,3,3.0,1.5,0,56.2,7.0,2,1,2,0,0,0.0,0,12,0,0.0%
694,Stephen Weatherly\WeatSt00,CAR,26,rde,9,9,0,3,2,66.7%,50,25.0,16.7,0,109.7,2.0,6,44,0,6,3,0.0,9,17,3,15.0%
695,Kyle Wilber\WilbKy00,LVR,31,,16,0,0,2,2,100.0%,5,2.5,2.5,1,118.7,-5.5,-11,16,3,0,0,0.0,0,12,0,0.0%
696,Jordan Willis\WillJo09,2TM,25,,9,0,0,2,2,100.0%,7,3.5,3.5,0,81.2,0.0,0,7,0,0,2,2.5,5,13,2,13.3%
697,Antwaun Woods\WoodAn02,DAL,27,dt,14,7,0,1,1,100.0%,5,5.0,5.0,0,87.5,-3.0,-3,8,0,1,1,1.0,3,23,1,4.2%
698,Montravius Adams\AdamMo00,GNB,25,,8,0,0,1,1,100.0%,13,13.0,13.0,0,118.7,7.0,7,6,0,0,0,0.0,0,11,0,0.0%
699,Ryan Anderson\AndeRy00,WAS,26,,9,0,0,0,0,,0,,,0,,,0,0,0,1,0,0.0,1,9,1,10.0%
700,Grayland Arnold\ArnoGr01,PHI,23,db,6,1,0,4,3,75.0%,15,5.0,3.8,1,119.8,9.5,12,3,3,1,0,0.0,1,11,4,26.7%
701,Genard Avery\AverGe00,PHI,25,,11,0,0,1,1,100.0%,2,2.0,2.0,0,79.2,2.0,2,0,8,0,5,1.5,7,12,0,0.0%
702,Anthony Barr\BarrAn00,MIN,28,olb,2,2,0,3,3,100.0%,20,6.7,6.7,0,94.4,-2.7,-8,28,9,1,0,0.0,1,6,2,25.0%
703,Henry Black\BlacHe00,GNB,23,,8,0,0,3,3,100.0%,55,18.3,18.3,2,158.3,10.7,32,23,0,0,0,0.0,0,8,0,0.0%
704,Amani Bledsoe\BledAm01,CIN,22,,14,4,0,0,0,,0,,,0,,,0,0,0,1,0,0.0,1,17,3,15.0%
705,Terrell Bonds\BondTe00,BAL,24,cb,4,1,0,13,9,69.2%,94,10.4,7.2,1,115.5,5.6,18,76,3,0,0,0.0,0,6,1,14.3%
706,Adrian Clayborn\ClayAd00,CLE,32,,15,2,0,0,0,,0,,,0,,,0,0,0,7,4,3.5,15,12,0,0.0%
707,Ryan Connelly\ConnRy00,MIN,25,,14,0,0,0,0,,0,,,0,,,0,0,0,0,0,0.0,0,6,1,14.3%
708,Brandon Copeland\CopeBr00,NWE,29,olb,6,4,0,3,3,100.0%,9,3.0,3.0,1,118.7,1.7,5,4,8,1,0,0.0,1,12,0,0.0%
709,Nate Ebner\EbneNa00,NYG,32,,16,0,0,2,2,100.0%,41,20.5,20.5,0,118.7,10.0,20,21,0,0,0,0.0,0,8,1,11.1%
710,Mike Edwards\EdwaMi01,TAM,24,,16,0,2,12,6,50.0%,51,8.5,4.3,0,21.9,14.3,16,35,2,0,0,0.0,0,11,1,8.3%
711,Daniel Ekuale\EkuaDa00,JAX,26,dt,9,5,0,1,1,100.0%,14,14.0,14.0,0,118.7,-3.0,-3,17,0,0,0,1.0,1,13,2,13.3%
712,Jordan Elliott\ElliJo02,CLE,23,dt,16,1,0,0,0,,0,,,0,,,0,0,0,3,0,0.0,3,15,0,0.0%
713,Justin Ellis\ElliJu01,BAL,30,nt,13,3,0,1,1,100.0%,1,1.0,1.0,0,79.2,-6.0,-6,7,0,0,0,0.0,0,17,2,10.5%
714,Clayton Fejedelem\FejeCl00,MIA,27,,13,0,0,0,0,,44,,,1,,,44,0,3,1,0,0.0,1,10,0,0.0%
715,Demetrius Flannigan-Fowles\FlanDe00,SFO,24,ss,11,1,0,3,2,66.7%,25,12.5,8.3,0,92.4,0.0,4,21,1,0,0,0.0,0,9,0,0.0%
716,Leki Fotu\FotuLe00,ARI,22,,11,0,0,0,0,,0,,,0,,,0,0,1,4,2,1.0,7,11,2,15.4%
717,Shaquem Griffin\GrifSh01,SEA,25,,14,0,0,3,1,33.3%,16,16.0,5.3,0,52.1,5.3,6,10,27,0,2,1.0,3,9,1,10.0%
718,Nate Hall\HallNa01,HOU,24,,10,0,0,2,2,100.0%,14,7.0,7.0,0,95.8,5.0,10,4,3,0,0,2.0,3,11,0,0.0%
719,Trysten Hill\HillTr00,DAL,22,dt,5,5,0,0,0,,0,,,0,,,0,0,0,2,3,0.0,5,11,6,35.3%
720,Robert Jackson\JackRo00,CLE,27,cb,10,1,0,10,6,60.0%,129,21.5,12.9,0,104.2,18.9,104,25,0,0,0,0.0,0,6,1,14.3%
721,David Long\LongDa02,LAR,22,cb,16,1,0,6,5,83.3%,69,13.8,11.5,1,154.2,15.8,54,15,0,0,0,0.0,0,7,0,0.0%
722,Damontre Moore\MoorDa01,SEA,28,,10,0,0,1,0,0.0%,0,,0.0,0,39.6,-4.0,0,0,2,0,7,1.0,8,9,0,0.0%
723,Calvin Munson\MunsCa00,MIA,26,,16,0,0,1,1,100.0%,20,20.0,20.0,0,118.7,4.0,4,16,2,0,0,0.0,0,9,1,10.0%
724,Domata Peko\PekoDo20,ARI,36,de,6,5,0,2,2,100.0%,22,11.0,11.0,0,112.5,-3.5,-7,29,0,0,0,0.0,0,16,1,5.9%
725,A'Shawn Robinson\RobiAS00,LAR,25,,8,0,0,0,0,,0,,,0,,,0,0,0,0,1,0.0,1,12,1,7.7%
726,Kevon Seymour\SeymKe00,PHI,27,,2,0,0,4,3,75.0%,79,26.3,19.8,1,156.2,20.3,74,5,0,0,0,0.0,0,8,0,0.0%
727,Stantley Thomas-Oliver\ThomSt00,CAR,22,,10,0,0,9,9,100.0%,107,11.9,11.9,1,153.2,8.3,75,32,0,0,0,0.0,0,7,0,0.0%
728,Nick Thurman\ThurNi00,NWE,25,de,7,1,0,0,0,,0,,,0,,,0,0,0,1,0,0.0,1,10,0,0.0%
729,Vita Vea\VeaxVi00,TAM,25,nt,5,5,0,1,1,100.0%,12,12.0,12.0,1,156.2,-4.0,-4,16,0,2,1,2.0,5,10,2,16.7%
730,Blidi Wreh-Wilson\WrehBl00,ATL,31,,15,0,3,14,10,71.4%,86,8.6,6.1,2,87.2,7.7,51,35,1,0,0,0.0,0,9,2,18.2%
731,Marquise Blair\BlaiMa01,SEA,23,,2,0,0,7,6,85.7%,89,14.8,12.7,0,118.7,9.3,58,31,2,0,0,0.0,0,8,1,11.1%
732,Tramaine Brock\BrocTr00,DET,32,,1,0,0,8,6,75.0%,66,11.0,8.3,0,99.0,12.4,46,20,0,0,0,0.0,0,5,0,0.0%
733,Deon Bush\BushDe00,CHI,27,,11,0,1,6,3,50.0%,28,9.3,4.7,0,23.6,10.0,14,14,0,0,0,0.0,0,5,2,28.6%
734,Kamalei Correa\CorrKa00,2TM,26,,9,6,0,5,3,60.0%,47,15.7,9.4,0,91.2,6.2,8,39,27,0,2,0.0,2,9,2,18.2%
735,Thomas Davis\DaviTh20,WAS,37,,7,0,0,6,4,66.7%,23,5.8,3.8,0,73.6,3.5,17,6,4,0,0,0.0,0,6,1,14.3%
736,Samuel Eguavoen\EguaSa00,MIA,27,ilb,16,1,0,1,0,0.0%,0,,0.0,0,39.6,4.0,0,0,15,0,0,0.0,0,9,1,10.0%
737,Jayrone Elliott\ElliJa02,PIT,29,,8,0,0,0,0,,0,,,0,,,0,0,0,0,0,1.0,1,7,0,0.0%
738,Jordan Evans\EvanJo01,CIN,25,,15,0,1,4,2,50.0%,21,10.5,5.3,0,26.0,2.5,10,11,8,0,0,2.0,2,11,1,8.3%
739,Kylie Fitts\FittKy00,ARI,26,olb,13,1,0,2,1,50.0%,7,7.0,3.5,0,58.3,4.0,4,3,13,4,1,0.0,5,9,1,10.0%
740,Kavon Frazier\FrazKa00,MIA,26,,15,0,0,2,2,100.0%,13,6.5,6.5,0,93.7,3.0,6,7,6,0,0,0.0,0,6,0,0.0%
741,Alohi Gilman\GilmAl00,LAC,23,ss,15,1,0,4,3,75.0%,38,12.7,9.5,0,104.2,-0.8,-13,51,3,0,1,0.0,1,7,1,12.5%
742,Nate Hairston\HairNa00,2TM,26,,5,0,0,3,3,100.0%,33,11.0,11.0,0,112.5,9.3,28,5,0,0,0,0.0,0,6,0,0.0%
743,Grant Haley\HaleGr00,NOR,24,,1,0,1,8,6,75.0%,95,15.8,11.9,0,74.5,11.3,71,24,6,0,1,0.0,1,6,0,0.0%
744,Madre Harper\HarpMa00,NYG,23,,9,0,0,3,3,100.0%,45,15.0,15.0,1,158.3,12.0,36,9,0,0,0,0.0,0,5,0,0.0%
745,Alijah Holder\HoldAl01,DEN,24,,8,0,0,7,5,71.4%,70,14.0,10.0,0,103.3,4.7,28,42,3,1,0,0.0,1,7,1,12.5%
746,Malik Hooker\HookMa00,IND,24,fs,2,2,0,1,1,100.0%,15,15.0,15.0,1,158.3,5.0,5,10,0,0,0,0.0,0,7,0,0.0%
747,George Iloka\IlokGe00,MIN,30,,4,0,0,1,1,100.0%,13,13.0,13.0,0,118.7,4.0,4,9,0,0,0,0.0,0,6,0,0.0%
748,Melvin Ingram\IngrMe00,LAC,31,rde,7,7,1,2,1,50.0%,0,0.0,0.0,0,16.7,-2.0,-3,3,6,7,5,0.0,12,10,1,9.1%
749,Matthew Ioannidis\IoanMa01,WAS,26,,3,0,0,0,0,,0,,,0,,,0,0,0,1,2,1.5,5,7,0,0.0%
750,Chandler Jones\JoneCh03,ARI,30,lolb,5,5,0,1,1,100.0%,5,5.0,5.0,0,87.5,2.0,2,3,20,3,6,1.0,10,11,3,21.4%
751,Austin Larkin\LarkAu00,CAR,25,,9,0,0,1,1,100.0%,14,14.0,14.0,0,118.7,1.0,1,13,0,0,0,0.0,0,12,1,7.7%
752,Cameron Lewis\LewiCa00,BUF,23,cb,5,2,0,3,2,66.7%,24,12.0,8.0,0,91.0,2.7,12,12,0,0,0,0.0,0,7,2,22.2%
753,Aaron Lynch\LyncAa00,JAX,27,,8,0,0,0,0,,0,,,0,,,0,0,11,0,3,1.0,4,6,3,33.3%
754,Trey Marshall\MarsTr00,DEN,24,,12,0,0,1,1,100.0%,11,11.0,11.0,0,112.5,2.0,2,9,0,0,0,0.0,0,6,0,0.0%
755,Takkarist McKinley\McKiTa00,ATL,25,de,4,4,0,1,1,100.0%,1,1.0,1.0,0,79.2,0.0,0,1,3,1,6,1.0,8,8,0,0.0%
756,Herb Miller\MillHe01,TAM,23,,4,0,1,2,1,50.0%,5,5.0,2.5,0,16.7,11.0,5,0,0,0,0,0.0,0,5,0,0.0%
757,Parnell Motley\MotlPa00,2TM,23,,4,1,0,11,7,63.6%,118,16.9,10.7,1,130.1,16.1,103,15,0,0,0,0.0,0,8,1,11.1%
758,Alexander Myres\MyreAl00,DET,24,,1,0,0,4,3,75.0%,31,10.3,7.8,0,96.9,8.8,25,6,0,0,0,0.0,0,5,0,0.0%
759,Kareem Orr\OrrxKa00,TEN,23,,5,0,0,2,2,100.0%,20,10.0,10.0,0,108.3,7.0,14,6,2,0,0,0.0,0,7,0,0.0%
760,Steven Parker\ParkSt00,DAL,25,,8,0,0,3,1,33.3%,9,9.0,3.0,0,42.4,4.0,1,8,0,0,0,0.0,0,8,0,0.0%
761,Randy Ramsey\RamsRa00,GNB,25,,12,0,0,0,0,,0,,,0,,,0,0,4,1,0,0.0,1,11,0,0.0%
762,Derick Roberson\RobeDe01,TEN,25,olb,8,1,0,2,2,100.0%,9,4.5,4.5,0,85.4,1.5,3,6,17,2,2,0.0,4,9,1,10.0%
763,Isaiah Rodgers\RodgIs00,IND,22,,13,0,0,7,5,71.4%,70,14.0,10.0,1,142.9,11.1,53,17,0,0,0,0.0,0,7,0,0.0%
764,Taylor Stallworth\StalTa00,IND,25,dt,16,1,0,0,0,,0,,,0,,,0,0,0,1,0,0.5,2,12,4,25.0%
765,Kentavius Street\StreKe00,SFO,24,de,15,2,0,1,0,0.0%,0,,0.0,0,39.6,4.0,0,0,0,1,0,0.0,1,11,0,0.0%
766,Kendal Vickers\VickKe00,LVR,25,dt,15,2,0,0,0,,0,,,0,,,0,0,0,1,1,2.0,5,10,1,9.1%
767,Tim Ward\WardTi00,KAN,23,de,1,1,0,0,0,,0,,,0,,,0,0,2,0,1,1.0,2,5,2,28.6%
768,Josh Watson\WatsJo00,DEN,24,,9,0,0,0,0,,0,,,0,,,0,0,0,0,0,0.0,0,5,1,16.7%
769,Quincy Williams\WillQu01,JAX,24,,7,0,0,6,5,83.3%,34,6.8,5.7,0,90.3,3.0,3,31,4,1,0,0.0,1,11,3,21.4%
770,Eddie Yarbrough\YarbEd01,MIN,27,,4,0,0,0,0,,0,,,0,,,0,0,0,0,1,0.0,1,8,1,11.1%
771,Deandre Baker\BakeDe00,KAN,23,cb,2,1,0,5,3,60.0%,26,8.7,5.2,1,113.3,11.4,15,11,1,1,0,1.0,2,5,0,0.0%
772,Jamal Carter\CartJa02,ATL,26,,1,0,0,3,3,100.0%,53,17.7,17.7,1,158.3,14.3,43,10,3,0,0,0.0,0,5,0,0.0%
773,Taco Charlton\CharTa00,KAN,26,,7,0,0,0,0,,0,,,0,,,0,0,0,2,2,2.0,6,7,0,0.0%
774,Matt Dickerson\DickMa00,TEN,25,,10,0,0,0,0,,0,,,0,,,0,0,0,0,1,0.0,1,10,1,9.1%
775,Cam Gill\GillCa00,TAM,23,,12,0,0,0,0,,0,,,0,,,0,0,4,1,0,0.0,1,6,0,0.0%
776,Tyler Hall\HallTy01,ATL,22,,9,0,0,3,3,100.0%,68,22.7,22.7,1,158.3,17.0,51,17,1,0,0,0.0,0,6,0,0.0%
777,Frank Herron\HerrFr00,DET,26,,4,0,0,0,0,,0,,,0,,,0,0,0,1,0,0.0,1,5,0,0.0%
778,Bruce Irvin\IrviBr00,SEA,33,olb,2,2,0,2,2,100.0%,5,2.5,2.5,0,79.2,-1.0,-2,7,13,1,3,0.0,4,5,0,0.0%
779,Abry Jones\JoneAb00,JAX,29,rdt,5,5,0,0,0,,0,,,0,,,0,0,0,0,0,0.0,0,8,1,11.1%
780,Dallin Leavitt\LeavDa00,LVR,26,,9,0,0,1,0,0.0%,0,,0.0,0,39.6,14.0,0,0,0,0,0,0.0,0,10,2,16.7%
781,Anthony Levine\LeviAn00,BAL,33,ss,15,1,0,4,4,100.0%,53,13.3,13.3,1,158.3,12.8,51,2,2,0,0,0.0,0,7,0,0.0%
782,Tony McRae\McRaTo00,DET,27,,8,0,0,7,5,71.4%,64,12.8,9.1,2,139.3,8.3,49,15,0,0,0,0.0,0,4,0,0.0%
783,Daniel Ross\RossDa02,2TM,27,,5,0,0,0,0,,0,,,0,,,0,0,0,1,0,0.0,1,8,1,11.1%
784,Tuzar Skipper\SkipTu00,TEN,25,olb,4,2,0,0,0,,0,,,0,,,0,0,3,0,0,0.0,0,5,1,16.7%
785,Chris Smith\SmitCh03,LVR,28,,8,0,0,0,0,,0,,,0,,,0,0,0,6,3,1.0,10,5,1,16.7%
786,Julian Stanford\StanJu00,CAR,30,,16,0,0,0,0,,0,,,0,,,0,0,1,0,0,0.0,0,10,0,0.0%
787,Zeke Turner\TurnZe00,ARI,24,,16,0,0,0,0,,0,,,0,,,0,0,1,0,0,0.0,0,14,0,0.0%
788,Derrek Tuszka\TuszDe00,DEN,24,,9,0,0,0,0,,0,,,0,,,0,0,1,0,0,0.0,0,6,1,14.3%
789,Justin Watson\WatsJu01,TAM,24,wr,11,2,0,0,0,,0,,,0,,,0,0,0,0,0,1.0,1,7,0,0.0%
790,Jace Whittaker\WhitJa05,ARI,25,,4,0,0,3,3,100.0%,33,11.0,11.0,1,152.1,7.7,23,10,1,0,0,0.0,0,4,1,20.0%
791,Sylvester Williams\WillSy00,DEN,32,,8,0,0,0,0,,0,,,0,,,0,0,0,0,0,0.0,0,9,3,25.0%
792,Oshane Ximines\XimiOs00,NYG,24,olb,4,3,0,0,0,,0,,,0,,,0,0,11,2,3,0.0,5,5,0,0.0%
793,Brian Allen\AlleBr01,SFO,27,,1,1,0,6,5,83.3%,124,24.8,20.7,1,158.3,18.0,109,15,0,0,0,0.0,0,3,0,0.0%
794,Eli Apple\ApplEl00,CAR,25,,2,0,0,3,3,100.0%,32,10.7,10.7,0,111.1,9.7,29,3,1,0,0,0.0,0,4,1,20.0%
795,Vic Beasley\BeasVi00,2TM,28,,10,0,0,0,0,,0,,,0,,,0,0,4,1,0,0.0,1,4,1,20.0%
796,Nick Bosa\BosaNi00,SFO,23,de,2,2,0,0,0,,0,,,0,,,0,0,0,4,1,0.0,5,6,0,0.0%
797,Blake Countess\CounBl00,PHI,27,,2,0,0,2,2,100.0%,25,12.5,12.5,0,118.7,5.5,11,14,0,0,0,0.0,0,3,0,0.0%
798,Jalen Davis\DaviJa06,CIN,24,,6,0,0,7,4,57.1%,54,13.5,7.7,1,121.4,9.7,44,10,4,0,0,0.0,0,4,2,33.3%
799,Ulysees Gilbert\GilbUl00,PIT,23,,4,0,0,0,0,,0,,,0,,,0,0,3,0,0,0.0,0,5,0,0.0%
800,Marcus Gilchrist\GilcMa00,BAL,32,,2,0,0,3,2,66.7%,26,13.0,8.7,0,93.7,8.7,25,1,2,0,0,0.0,0,3,0,0.0%
801,Justin Hamilton\HamiJu00,DAL,27,dt,10,2,0,0,0,,0,,,0,,,0,0,0,3,1,0.0,4,10,0,0.0%
802,Damon Harrison\HarrDa03,2TM,32,,7,0,0,0,0,,0,,,0,,,0,0,0,0,0,0.0,0,9,1,10.0%
803,Leon Jacobs\JacoLe00,JAX,25,olb,3,2,0,1,1,100.0%,7,7.0,7.0,0,95.8,2.0,2,5,1,1,0,0.0,1,3,0,0.0%
804,Jaquan Johnson\JohnJa11,BUF,25,,14,0,0,4,3,75.0%,22,7.3,5.5,0,87.5,-0.5,-5,27,0,0,0,0.0,0,4,1,20.0%
805,Terrell Lewis\LewiTe00,LAR,22,,8,0,0,0,0,,0,,,0,,,0,0,7,0,2,2.0,4,5,0,0.0%
806,Josh Mauro\MaurJo00,ARI,29,,3,2,0,0,0,,0,,,0,,,0,0,0,0,0,1.0,1,5,0,0.0%
807,T.Y. McGill\McGiT.00,PHI,28,,7,0,0,0,0,,0,,,0,,,0,0,0,1,2,0.5,4,9,0,0.0%
808,Henry Mondeaux\MondHe00,PIT,25,,11,0,0,0,0,,0,,,0,,,0,0,0,0,2,0.0,2,5,1,16.7%
809,Bryan Mone\MoneBr00,SEA,25,,10,0,0,1,0,0.0%,0,,0.0,0,39.6,-6.0,0,0,0,0,1,0.5,2,9,2,18.2%
810,Pat O'Connor\OConPa00,TAM,27,,16,0,0,0,0,,0,,,0,,,0,0,0,0,0,1.0,1,4,3,42.9%
811,Alec Ogletree\OgleAl00,NYJ,29,,2,1,0,4,3,75.0%,22,7.3,5.5,0,87.5,2.3,9,13,3,0,0,0.0,0,3,2,40.0%
812,Kevin Peterson\PeteKe01,ARI,26,cb,12,1,0,8,5,62.5%,74,14.8,9.3,1,132.3,15.6,57,17,1,0,0,0.0,0,6,1,14.3%
813,Jachai Polite\PoliJa00,LAR,23,,11,0,0,0,0,,0,,,0,,,0,0,0,1,0,1.0,2,4,0,0.0%
814,Brooks Reed\ReedBr00,TEN,33,,2,1,0,0,0,,0,,,0,,,0,0,7,0,0,1.0,1,4,0,0.0%
815,Caraun Reid\ReidCa00,JAX,29,,7,0,0,0,0,,0,,,0,,,0,0,0,1,0,0.0,1,5,0,0.0%
816,Jordan Richards\RichJo00,BAL,27,,16,0,0,0,0,,0,,,0,,,0,0,0,0,0,0.0,0,4,1,20.0%
817,Amik Robertson\RobeAm00,LVR,22,,8,0,0,6,4,66.7%,76,19.0,12.7,1,149.3,8.5,49,27,1,0,0,0.0,0,4,0,0.0%
818,Stanford Samuels\SamuSt01,GNB,21,,2,0,0,3,2,66.7%,16,8.0,5.3,0,79.9,5.0,10,6,0,0,0,0.0,0,3,0,0.0%
819,Khalen Saunders\SaunKh00,KAN,24,dt,3,1,0,0,0,,0,,,0,,,0,0,1,0,0,0.0,0,3,1,25.0%
820,Kawann Short\ShorKa00,CAR,31,,3,3,0,0,0,,0,,,0,,,0,0,0,0,1,0.0,1,6,0,0.0%
821,Akeem Spence\SpenAk00,NWE,29,,6,0,0,0,0,,0,,,0,,,0,0,0,1,0,0.0,1,9,0,0.0%
822,Linden Stephens\StepLi00,SEA,25,,13,0,0,2,2,100.0%,22,11.0,11.0,0,112.5,6.5,13,9,0,0,0,0.0,0,3,0,0.0%
823,Kemoko Turay\TuraKe00,IND,25,,7,0,0,1,1,100.0%,9,9.0,9.0,0,104.2,4.0,4,5,0,2,2,1.0,5,4,1,20.0%
824,Kristian Welch\WelcKr00,BAL,22,,10,0,0,0,0,,0,,,0,,,0,0,1,0,0,0.0,0,5,0,0.0%
825,Javin White\WhitJa04,LVR,23,,4,0,0,2,2,100.0%,15,7.5,7.5,1,137.5,0.0,0,15,2,0,0,0.0,0,4,1,20.0%
826,Raequan Williams\WillRa03,PHI,23,,6,0,0,0,0,,0,,,0,,,0,0,0,1,0,1.0,2,5,0,0.0%
827,Chris Wormley\WormCh00,PIT,27,de,13,1,0,0,0,,0,,,0,,,0,0,0,1,2,1.0,4,8,0,0.0%
828,Jabari Zuniga\ZuniJa00,NYJ,23,,8,0,0,0,0,,0,,,0,,,0,0,1,1,0,0.0,1,5,0,0.0%
829,McTelvin Agim\AgimMc00,DEN,23,,10,0,0,0,0,,0,,,0,,,0,0,0,3,0,0.0,3,8,1,11.1%
830,Ben Banogu\BanoBe00,IND,24,,9,0,0,0,0,,0,,,0,,,0,0,0,2,0,0.0,2,6,0,0.0%
831,Jordan Brailford\BraiJo00,MIN,25,,5,0,0,0,0,,0,,,0,,,0,0,3,0,1,0.0,1,2,1,33.3%
832,Jonathan Bullard\BullJo00,SEA,27,,6,0,0,0,0,,0,,,0,,,0,0,0,0,2,0.0,2,8,0,0.0%
833,Deante Burton\BurtDe00,DAL,26,,4,0,0,2,2,100.0%,27,13.5,13.5,0,118.7,1.5,6,21,0,0,0,0.0,0,3,1,25.0%
834,Xavier Crawford\CrawXa00,CHI,25,,3,0,0,3,3,100.0%,46,15.3,15.3,1,158.3,12.7,38,8,0,0,0,0.0,0,4,0,0.0%
835,Marlon Davidson\DaviMa01,ATL,22,,8,0,0,0,0,,0,,,0,,,0,0,0,2,0,0.0,2,8,0,0.0%
836,Duke Dawson\DawsDu00,DEN,25,cb,12,1,0,4,0,0.0%,44,,11.0,1,112.5,15.3,36,8,1,0,0,0.0,0,8,0,0.0%
837,Khalil Dorsey\DorsKh00,BAL,22,,6,0,0,1,1,100.0%,39,39.0,39.0,0,118.7,39.0,39,0,0,0,0,0.0,0,2,0,0.0%
838,Mark Fields II\FielMa01,2TM,24,,4,0,0,2,1,50.0%,12,12.0,6.0,0,68.7,14.0,11,1,0,0,0,0.0,0,2,0,0.0%
839,Jonathan Garvin\GarvJo00,GNB,21,,8,0,0,0,0,,0,,,0,,,0,0,2,0,0,0.0,0,5,0,0.0%
840,Tae Hayes\HayeTa00,2TM,23,,3,0,0,2,1,50.0%,38,38.0,19.0,0,95.8,14.5,18,20,0,0,0,0.0,0,3,1,25.0%
841,David Irving\IrviDa00,LVR,27,,2,0,0,0,0,,0,,,0,,,0,0,0,1,0,0.0,1,4,0,0.0%
842,Joe Jackson\JackJo02,CLE,24,,3,0,0,1,1,100.0%,5,5.0,5.0,0,87.5,3.0,3,2,0,1,0,0.0,1,5,0,0.0%
843,Craig James\JameCr01,PHI,24,,4,0,0,1,1,100.0%,2,2.0,2.0,0,79.2,2.0,2,0,0,0,0,0.0,0,2,0,0.0%
844,Datone Jones\JoneDa03,LVR,30,,1,0,0,0,0,,0,,,0,,,0,0,0,1,0,0.0,1,2,0,0.0%
845,Niko Lalos\LaloNi00,NYG,23,,6,0,1,1,1,100.0%,3,3.0,3.0,0,39.6,4.0,4,-1,0,1,0,0.0,1,6,2,25.0%
846,Jeremiah Ledbetter\LedbJe00,TAM,26,,3,0,0,0,0,,0,,,0,,,0,0,0,1,1,1.0,3,3,0,0.0%
847,Corey Liuget\LiugCo00,HOU,30,,6,1,0,0,0,,0,,,0,,,0,0,0,1,1,1.0,3,4,0,0.0%
848,P.J. Locke\LockPJ00,DEN,23,,15,0,0,0,0,,0,,,0,,,0,0,1,0,0,0.0,0,3,0,0.0%
849,James Lynch\LyncJa00,MIN,21,,9,0,0,0,0,,0,,,0,,,0,0,0,0,0,1.0,1,3,1,25.0%
850,Wyatt Ray\RayxWy01,TEN,24,de,4,1,0,0,0,,8,,,0,,,4,4,0,0,0,1.0,1,2,0,0.0%
851,Derek Rivers\RiveDe00,2TM,26,,13,0,0,0,0,,0,,,0,,,0,0,1,2,2,1.5,6,5,0,0.0%
852,Rashad Smith\SmitRa02,PHI,23,,2,0,0,1,1,100.0%,5,5.0,5.0,0,87.5,4.0,4,1,1,0,0,0.0,0,3,0,0.0%
853,Saivion Smith\SmitSa02,DAL,23,db,6,1,0,7,4,57.1%,91,22.8,13.0,2,141.4,8.7,46,45,0,0,0,0.0,0,3,0,0.0%
854,Cordrea Tankersley\TankCo00,MIN,27,,2,1,0,2,2,100.0%,29,14.5,14.5,1,158.3,9.0,18,11,0,0,0,0.0,0,2,0,0.0%
855,Teair Tart\TartTe00,TEN,23,dt,7,1,0,1,1,100.0%,17,17.0,17.0,0,118.7,2.0,2,15,0,0,2,0.0,2,5,4,44.4%
856,Pita Taumoepenu\TaumPi00,ATL,26,,1,0,0,2,2,100.0%,13,6.5,6.5,0,93.7,4.0,8,5,1,1,0,0.0,1,2,0,0.0%
857,Kevin Toliver\ToliKe00,DEN,25,,2,0,0,2,2,100.0%,24,12.0,12.0,0,116.7,11.0,22,2,0,0,0,0.0,0,3,0,0.0%
858,Trevor Williams\WillTr05,PHI,27,,2,0,0,4,1,25.0%,15,15.0,3.8,1,82.3,16.5,13,2,0,0,0,0.0,0,3,0,0.0%
859,Tavon Young\YounTa01,BAL,26,,2,0,0,3,2,66.7%,40,20.0,13.3,0,109.7,13.7,33,7,2,0,0,0.0,0,2,0,0.0%
860,Andrew Adams\AdamAn00,TAM,28,,16,0,0,1,0,0.0%,0,,0.0,0,39.6,30.0,0,0,0,0,0,0.0,0,2,0,0.0%
861,Eli Ankou\AnkoEl00,DAL,26,,7,0,0,1,1,100.0%,26,26.0,26.0,0,118.7,-3.0,-3,29,0,2,0,0.0,2,5,0,0.0%
862,Geno Atkins\AtkiGe99,CIN,32,,8,0,0,0,0,,0,,,0,,,0,0,0,0,1,0.0,1,1,0,0.0%
863,Markus Bailey\BailMa01,CIN,23,,11,0,0,2,1,50.0%,2,2.0,1.0,1,95.8,6.5,2,0,0,0,0,0.0,0,1,0,0.0%
864,Rashod Berry\BerrRa01,NWE,24,,3,0,0,0,0,,0,,,0,,,0,0,1,0,0,0.0,0,1,0,0.0%
865,Antoine Brooks Jr.\BrooAn00,PIT,22,,4,0,0,1,0,0.0%,0,,0.0,0,39.6,12.0,0,0,1,0,0,0.0,0,2,1,33.3%
866,Andrew Brown\BrowAn05,2TM,25,,7,0,0,0,0,,0,,,0,,,0,0,0,1,0,1.0,2,3,1,25.0%
867,Ken Crawley\CrawKe02,NOR,27,,6,0,1,1,0,0.0%,0,,0.0,0,0.0,58.0,0,0,0,0,0,0.0,0,1,0,0.0%
868,Khalil Davis\DaviKh00,TAM,24,,2,0,0,0,0,,0,,,0,,,0,0,0,0,2,0.0,2,2,0,0.0%
869,Sheldon Day\DayxSh00,IND,26,,4,0,0,0,0,,0,,,0,,,0,0,0,1,0,0.0,1,2,0,0.0%
870,Michael Dogbe\DogbMi00,ARI,24,,3,0,0,0,0,,0,,,0,,,0,0,0,0,0,1.0,1,1,0,0.0%
871,Dee Ford\FordDe00,SFO,29,,1,0,0,0,0,,0,,,0,,,0,0,0,1,0,0.0,1,3,0,0.0%
872,Trevis Gipson\GipsTr00,CHI,23,,7,0,0,0,0,,0,,,0,,,0,0,1,0,3,0.0,3,5,1,16.7%
873,Demone Harris\HarrDe06,KAN,25,,1,0,0,0,0,,0,,,0,,,0,0,0,1,0,0.0,1,3,0,0.0%
874,Trent Harris\HarrTr01,NYG,25,olb,4,2,0,0,0,,0,,,0,,,0,0,1,0,0,0.5,1,5,1,16.7%
875,Juju Hughes\HughJu00,LAR,22,,12,0,0,0,0,,0,,,0,,,0,0,0,1,0,0.0,1,3,0,0.0%
876,Joseph Jones\JoneJo05,DEN,26,,14,0,0,1,1,100.0%,2,2.0,2.0,0,79.2,-4.0,-4,6,0,0,0,0.0,0,3,0,0.0%
877,Jessie Lemonier\LemoJe00,LAC,23,,6,0,0,0,0,,0,,,0,,,0,0,0,1,2,0.0,3,2,0,0.0%
878,Dylan Mabin\MabiDy00,2TM,23,,4,0,0,5,4,80.0%,63,15.8,12.6,0,118.7,14.8,62,1,0,0,0,0.0,0,2,0,0.0%
879,Isaiah Mack\MackIs00,2TM,24,,8,0,0,0,0,,0,,,0,,,0,0,0,0,1,0.0,1,3,0,0.0%
880,Julian Okwara\OkwaJu00,DET,23,,6,0,0,0,0,,0,,,0,,,0,0,0,0,0,0.0,0,3,1,25.0%
881,Joe Ostman\OstmJo00,PHI,25,,3,0,0,0,0,,0,,,0,,,0,0,1,0,0,0.0,0,1,2,66.7%
882,Anthony Rush\RushAn00,2TM,24,,5,0,0,0,0,,0,,,0,,,0,0,0,0,0,0.5,1,5,0,0.0%
883,Jason Strowbridge\StroJa02,MIA,24,,8,0,0,0,0,,0,,,0,,,0,0,0,1,0,0.0,1,3,1,25.0%
884,Nick Sundberg\SundNi00,WAS,33,,16,0,0,1,0,0.0%,0,,0.0,0,39.6,-3.0,0,0,0,0,0,0.0,0,1,0,0.0%
885,Drue Tranquill\TranDr00,LAC,25,ilb,1,1,0,1,1,100.0%,7,7.0,7.0,0,95.8,0.0,0,7,1,0,0,0.0,0,1,0,0.0%
886,Reggie Walker\WalkRe01,ARI,24,,1,0,0,0,0,,0,,,0,,,0,0,2,0,0,0.0,0,1,0,0.0%
887,Quincy Wilson\WilsQu01,NYJ,24,cb,3,1,0,1,1,100.0%,4,4.0,4.0,0,83.3,-2.0,-2,6,0,0,0,0.0,0,1,2,66.7%
888,Aaron Adeoye\AdeoAa00,BAL,27,,1,0,0,0,0,,0,,,0,,,0,0,2,0,0,0.0,0,0,0,
889,Bradlee Anae\AnaeBr00,DAL,22,,7,0,0,0,0,,0,,,0,,,0,0,1,0,1,0.0,1,0,0,
890,Ezekiel Ansah\AnsaEz00,SFO,31,,2,0,0,0,0,,0,,,0,,,0,0,0,1,0,0.0,1,0,0,
891,Cornell Armstrong\ArmsCo00,HOU,25,,10,0,0,1,1,100.0%,0,0.0,0.0,0,79.2,0.0,0,0,0,0,0,0.0,0,0,0,
892,Alex Barrett\BarrAl00,SFO,26,,7,0,0,0,0,,0,,,0,,,0,0,0,3,2,0.0,5,5,0,0.0%
893,Nate Brooks\BrooNa00,BAL,24,,1,0,0,3,0,0.0%,0,,0.0,0,39.6,7.3,0,0,0,0,0,0.0,0,0,0,
894,Ron'Dell Carter\CartRo02,DAL,23,,3,0,0,0,0,,0,,,0,,,0,0,0,1,0,0.0,1,1,1,50.0%
895,Matt Feiler\FeilMa00,PIT,28,LG,13,13,0,0,0,,0,,,0,,,0,0,0,1,0,0.0,1,0,0,
896,Joe Gaziano\GaziJo01,LAC,24,,2,0,0,0,0,,0,,,0,,,0,0,0,0,1,0.0,1,1,0,0.0%
897,Montre Hartage\HartMo01,NYG,23,,2,0,0,0,0,,0,,,0,,,0,0,1,0,0,0.0,0,0,0,
898,Rashard Higgins\HiggRa00,CLE,26,wr,13,6,0,1,0,0.0%,0,,0.0,0,39.6,16.0,0,0,0,0,0,0.0,0,0,0,
899,Jameson Houston\HousJa00,PHI,24,,3,0,0,3,1,33.3%,6,6.0,2.0,0,42.4,2.7,0,6,0,0,0,0.0,0,0,0,
900,Timmy Jernigan\JernTi00,2TM,28,,5,0,0,0,0,,0,,,0,,,0,0,0,0,1,0.0,1,1,0,0.0%
901,Nate Orchard\OrchNa00,WAS,27,,3,0,0,0,0,,0,,,0,,,0,0,1,0,0,0.0,0,2,0,0.0%
902,Jonathan Owens\OwenJo01,HOU,25,,6,0,0,0,0,,0,,,0,,,0,0,0,0,0,0.0,0,0,1,100.0%
903,Walter Palmore\PalmWa01,DAL,24,,1,0,0,0,0,,0,,,0,,,0,0,0,0,1,0.0,1,1,0,0.0%
904,Brian Price\PricBr00,GNB,26,,2,0,0,0,0,,0,,,0,,,0,0,0,0,0,0.0,0,0,1,100.0%
905,Dan Skipper\SkipDa00,DET,26,,5,0,0,0,0,,0,,,0,,,0,0,0,0,0,0.0,0,1,1,50.0%
906,Jonathan Taylor\TaylJo02,IND,21,RB,15,13,0,0,0,,0,,,0,,,0,0,1,0,0,0.0,0,0,0,
907,Casey Toohill\ToohCa00,2TM,24,,9,0,0,0,0,,0,,,0,,,0,0,0,0,1,0.0,1,2,0,0.0%
908,Deshaun Watson *\WatsDe00,HOU,25,QB,16,16,0,0,0,,0,,,0,,,0,0,1,0,0,0.0,0,0,0,
909,Mike Williams\WillMi07,LAC,26,WR,15,11,1,1,0,0.0%,0,,0.0,0,0.0,49.0,0,0,0,0,0,0.0,0,0,0,